Name	Length	EffectiveLength	PBMC1.CC7W2ANXX.SM2.120717p2.C2	PBMC1.CC7W2ANXX.SM2.120717p2.C6	PBMC1.CC7W2ANXX.SM2.120717p3.B6	PBMC1.CC7W2ANXX.SM2.120717p4.A11	PBMC1.CC7W2ANXX.SM2.120717p4.A3	PBMC1.CC7W2ANXX.SM2.120717p4.B1	PBMC1.CC7W2ANXX.SM2.120717p4.C8	PBMC1.CC7W2ANXX.SM2.120717p4.D5	PBMC1.CC7W2ANXX.SM2.120717p4.E2	PBMC1.CC7W2ANXX.SM2.120717p4.E3	PBMC1.CC7W2ANXX.SM2.120717p4.F5	PBMC1.CC7W2ANXX.SM2.120717p4.H11	PBMC1.CC7W2ANXX.SM2.120717p5.A10	PBMC1.CC7W2ANXX.SM2.120717p5.B5	PBMC1.CC7W2ANXX.SM2.120717p5.C12	PBMC1.CC7W2ANXX.SM2.120717p5.D11	PBMC1.CC7W2ANXX.SM2.120717p5.G1	PBMC1.CC7W2ANXX.SM2.120717p5.G10	PBMC1.CC7W2ANXX.SM2.120717p5.G2	PBMC1.CC7W2ANXX.SM2.120717p6.A12	PBMC1.CC7W2ANXX.SM2.120717p6.C8	PBMC1.CC7W2ANXX.SM2.120717p6.D11	PBMC1.CC7W2ANXX.SM2.120717p6.E10	PBMC1.CC7W2ANXX.SM2.120717p6.F10	PBMC1.CC7W2ANXX.SM2.120717p6.G7	PBMC2.CC86JANXX.SM2.011818p1.A11	PBMC2.CC86JANXX.SM2.011818p1.A8	PBMC2.CC86JANXX.SM2.011818p1.C4	PBMC2.CC86JANXX.SM2.011818p1.E9	PBMC2.CC86JANXX.SM2.011818p3.A10	PBMC2.CC86JANXX.SM2.011818p3.B8	PBMC2.CC86JANXX.SM2.011818p3.C7	PBMC2.CC86JANXX.SM2.011818p3.D10	PBMC2.CC86JANXX.SM2.011818p3.E6	PBMC2.CC86JANXX.SM2.011818p3.F7	PBMC2.CC86JANXX.SM2.011818p3.F9	PBMC2.CC86JANXX.SM2.011818p3.G10	PBMC2.CC86JANXX.SM2.011818p3.G3	PBMC2.CC86JANXX.SM2.011818p3.H4	PBMC2.CC86JANXX.SM2.011818p4.A11	PBMC2.CC86JANXX.SM2.011818p4.A4	PBMC2.CC86JANXX.SM2.011818p4.A5	PBMC2.CC86JANXX.SM2.011818p4.A9	PBMC2.CC86JANXX.SM2.011818p4.B12	PBMC2.CC86JANXX.SM2.011818p4.B3	PBMC2.CC86JANXX.SM2.011818p4.C1	PBMC2.CC86JANXX.SM2.011818p4.C2	PBMC2.CC86JANXX.SM2.011818p4.C4	PBMC2.CC86JANXX.SM2.011818p4.C6	PBMC2.CC86JANXX.SM2.011818p4.D11	PBMC2.CC86JANXX.SM2.011818p4.D2	PBMC2.CC86JANXX.SM2.011818p4.D3	PBMC2.CC86JANXX.SM2.011818p4.E1	PBMC2.CC86JANXX.SM2.011818p4.E11	PBMC2.CC86JANXX.SM2.011818p4.E7	PBMC2.CC86JANXX.SM2.011818p4.F10	PBMC2.CC86JANXX.SM2.011818p4.F3	PBMC2.CC86JANXX.SM2.011818p4.F4	PBMC2.CC86JANXX.SM2.011818p4.F7	PBMC2.CC86JANXX.SM2.011818p4.G3	PBMC2.CC86JANXX.SM2.011818p4.G9	PBMC2.CC86JANXX.SM2.011818p4.H10	PBMC2.CC86JANXX.SM2.011818p4.H8	PBMC2.CC86JANXX.SM2.011818p5.A10	PBMC2.CC86JANXX.SM2.011818p5.A4	PBMC2.CC86JANXX.SM2.011818p5.B1	PBMC2.CC86JANXX.SM2.011818p5.B12	PBMC2.CC86JANXX.SM2.011818p5.B4	PBMC2.CC86JANXX.SM2.011818p5.C11	PBMC2.CC86JANXX.SM2.011818p5.C2	PBMC2.CC86JANXX.SM2.011818p5.C3	PBMC2.CC86JANXX.SM2.011818p5.D10	PBMC2.CC86JANXX.SM2.011818p5.E10	PBMC2.CC86JANXX.SM2.011818p5.E11	PBMC2.CC86JANXX.SM2.011818p5.E3	PBMC2.CC86JANXX.SM2.011818p5.E8	PBMC2.CC86JANXX.SM2.011818p5.E9	PBMC2.CC86JANXX.SM2.011818p5.G6	PBMC2.CC86JANXX.SM2.011818p5.G9	PBMC2.CC86JANXX.SM2.011818p5.H8
ENST00000374550.8|ENSG00000142676.14|OTTHUMG00000002926.8|OTTHUMT00000494315.1|RPL11-201|RPL11|660|protein_coding|	660	342.31	435.87	527.226	418.322	161.887	104.652	481.503	596.27	251.757	229.117	322.389	666.26	641.442	164.241	544.107	598.296	256.556	631.802	379.382	334.95	272.639	495.118	367.877	402.5	383.014	938.048	287.974	258.596	90.5137	418.063	195.6	177.339	441.113	376.417	124.808	259.597	323.358	433.373	278.474	338.778	205.746	29.1903	146.865	187.12	210.045	233.132	149.767	80.616	215.287	38.1547	70.8226	307.438	236.126	143.255	526.965	221.522	284.616	193.581	356.389	730.546	149.918	404.588	165.915	255.122	260.146	351.37	185.449	139.1	319.404	197.156	361.935	169.439	219.709	171.713	253.075	456.585	271.258	264.821	133.669	358.528	202.242
ENST00000643754.2|ENSG00000142676.14|OTTHUMG00000002926.8|OTTHUMT00000008168.5|RPL11-206|RPL11|1017|protein_coding|	1017	689.766	174.496	339.042	256.916	104.809	118.96	285.655	295.217	239.744	411.015	545.37	467.337	310.109	140.177	126.874	161.537	263.328	326.963	329.327	283.542	210.924	213.768	346.726	439.249	194.719	457.33	258.161	145.04	85.629	223.711	69.9255	62.486	44.2534	181.647	48.2409	155.442	143.345	257.68	143.868	122.779	74.2541	66.2059	131.642	100.829	53.1093	45.6733	126.185	99.5667	110.242	98.6785	98.614	44.5012	103.452	47.154	395.662	102.793	106.294	84.8666	183.987	249.096	72.0631	303.799	113.424	167.539	85.9333	120.085	220.255	59.2001	155.265	142.693	281.208	190.529	116.621	121.758	105.369	50.6586	116.867	203.145	60.4827	326.543	107.461
ENST00000458455.2|ENSG00000142676.14|OTTHUMG00000002926.8|OTTHUMT00000008170.2|RPL11-203|RPL11|879|protein_coding|	879	554.047	0	0	0	0	0	0	0	0	0	0	0	0	0	0	0	0	0	0	0	0	0	0	0	0	0	0	0	0	0	0	2.52077	0	0	0	0	0	0	0	0	0	0	0	0	0	0	0	0	0	0	0	0	0	0	0	0	143.882	0	0	0	0	2.7642	0	0	0	0	0	0	0	0	0	0	0	0	0	0	0	0	0	0	0
ENST00000396651.8|ENSG00000142937.12|OTTHUMG00000008494.2|OTTHUMT00000023439.2|RPS8-202|RPS8|778|protein_coding|	778	454.927	339.612	2455.38	970	1473.92	696.602	1678.94	732.252	1532.06	1059.98	2495.91	2097.3	1506.04	1467	765.891	1075.56	1772.86	658.832	1626.37	2643.15	775.047	1585.61	826	1345.89	1755.9	538.445	673	716.879	183.847	422.03	425	209	284	734.354	287	869	876.998	1139.69	570.927	1151.47	505.36	236	349	379	402.913	116	584.59	317.878	190	191	588.907	512.738	345	356	591	727.843	166.936	118.955	96	1821.19	109	1205.34	900.521	921.138	624.891	608.996	598	864.016	651.912	435	1121.89	438	685.287	491.615	1216.91	1075	701.687	325.995	603.998	876.844	699.355
ENST00000372209.3|ENSG00000142937.12|OTTHUMG00000008494.2|OTTHUMT00000023441.1|RPS8-201|RPS8|685|protein_coding|	685	365.682	0	0	0	0	0	0	5.63994	171.939	0	0	127.61	160.841	0	0	124.44	0	0	0	0.00771123	52.9056	0	0	0	0	0	0	0	0	0	0	0	0	0	0	0	0	4.39029	0	0	0	0	0	0	45.0596	0	0	0	0	0	0	0	0	0	0	0	0	0	0	5.81283	0	0	0	6.8527	0	0	0	76.9215	0	0	0	0	0	0	0	0	0	0	0	0	6.60902
ENST00000645300.1|ENSG00000122406.14|OTTHUMG00000010899.10|OTTHUMT00000494378.1|RPL5-209|RPL5|896|protein_coding|	896	570.843	89.3707	0	0	189.967	0	71.6673	0	64.1968	9.18374	111.885	140.261	0	0	27.0315	106.072	0	228.737	47.0926	0	80.139	57.9208	0	0	0	49.0567	32.0163	101.966	33.7942	0	56.8558	44.93	0	0	0	16.8634	28.1781	101.378	60.2366	121.237	0	0	0	0	0	8.89134	27.0332	6.28588	0	0	0	0	18.5598	35.8178	0	8.82626	15.753	5.38217	0	33.2927	4.69269	0	0	18.6596	41.0231	0	0	0	0	0	17.7052	0	0	0	22.1499	31.3412	5.90061	0	0	0	0
ENST00000370321.8|ENSG00000122406.14|OTTHUMG00000010899.10|OTTHUMT00000496918.1|RPL5-202|RPL5|1028|protein_coding|	1028	700.766	2461.23	1459.37	726.921	2906.86	852.785	796.951	320	1528.71	1974.54	2903.56	3686.02	1885.95	2078	2051.98	2881.92	1428.35	1910.57	1799.33	0	1182.43	2630.85	1867.28	2123.48	643.873	1132.87	1891.98	1030.03	1130.29	1125.6	463.144	648.722	880.291	903.742	390	1073.5	1557.99	1118.81	1812.06	1242.68	449.72	677	582.615	478	537.401	448.869	973.864	491.714	342	378.959	124.637	585.049	348.851	936.165	128.864	879.847	1031.04	179.47	478	1012.28	167.167	636.42	768.505	1153.24	869.452	556	379.738	779.627	783.918	620.506	978.424	325	1008.55	1606.73	1447.61	585.655	1184.08	365.842	315	1254.6	588.18
ENST00000315741.5|ENSG00000122406.14|OTTHUMG00000010899.10|OTTHUMT00000092744.3|RPL5-201|RPL5|681|protein_coding|	681	361.882	0	0	22.5814	0	0	3.3617	0	0	0	0	0	0	0	0	0	2.60445	0	0	0	5.5	0	0	0	0	0	0	0	2.97984	0	0	0	0	0	0	0	0	0	0	0	0	0	0	0	0	0	0	0	0	0	0	0	0	0	0	0	0	0	0	0	0	0	0	0	0	0	0	0	0	0	0	0	0	0	0	0	0	0	0	21.9443	22.1665
ENST00000582401.6|ENSG00000265972.6|OTTHUMG00000013755.7|OTTHUMT00000038547.4|TXNIP-204|TXNIP|2905|protein_coding|	2905	2577.77	901.407	1175.35	609.603	985	1175	736	826.523	2689.52	231.712	10697.5	1847.93	3730	779	1573.92	779.333	1898.84	721.14	2452	2138	1268	828.359	5110.12	6087.93	1163.77	1024.67	2382.36	2183	142.833	358.071	290.89	913.642	1907.03	2155.25	0	884.585	813.974	423.331	1223	3437.75	704.059	1608.14	311.133	1055.52	3869.59	741.841	1118.48	699	352	1179.28	663	1939.43	280.882	246.966	1155	3556.45	2158	194.655	2095.67	257	5	759	1570.97	180	2060.68	923	1209.13	487	1939.02	3126.33	248.787	421.93	1034.59	1180	1	1752	1016	2895.83	1334.1	3029.48	953.438
ENST00000425134.2|ENSG00000265972.6|OTTHUMG00000013755.7|OTTHUMT00000038548.3|TXNIP-201|TXNIP|1225|protein_coding|	1225	897.766	0	183.476	0	0	0	0	36.1841	0	66.92	0	0	0	0	0	0	0	0	0	0	0	0	0	0	33.997	2.27141	0	0	0	9.23875	0	0	0	0	0	61.6791	0	0	0	0	0	0	0	0	0	0	47.4638	0	0	0	0	0	0	0	0	0	0	0	6.10796	0	0	0	0	0	0	0	0	0	198.741	0	33.0085	0	0	0	0	0	0	0	69.6703	0	0
ENST00000650983.1|ENSG00000188404.10|OTTHUMG00000034809.5|-|SELL-207|SELL|2442|protein_coding|	2442	2114.77	0	0	0	0	0	0	102.378	0	0	0	0	0	0	0	0	0	52.6655	0	0	0	0	0	0	0	0	0	0	0	101.049	0	0	150.912	0	0	0	0	99.0164	1.01821e-06	0	0	0	0	0	0	0	0.120622	0	0	0	0	0	0	101.358	0	0	0	0	0	0	0.000184751	0	0	25.2549	272.542	0	0	0	0.648531	0	0	0	0	0	0	0	0	0	0.000181938	0	0
ENST00000236147.6|ENSG00000188404.10|OTTHUMG00000034809.5|OTTHUMT00000084233.3|SELL-201|SELL|2358|protein_coding|	2358	2030.77	672.67	0	2923.82	2219	145.615	131.295	321.059	649	94	0	0	347	455.18	525.449	0	14	978.187	390	0	0	0	370.435	1752.09	0	0	1669.68	652.415	428	948.287	0	111.917	580.088	1588	0	0	1359.13	1322.98	1325.76	1518	1773.97	396.806	709.274	857	1860.66	70.3572	288.839	0	495.425	1287.63	361	285	0	973.641	304.14	1147.02	828.077	19	811	197	1037.03	0	22.1041	23.4499	417.458	443	288	733.717	615.582	532	446	322	191.488	2254.57	490.551	741.141	1085	0	1311.2	433	1105.74
ENST00000402285.7|ENSG00000143947.13|OTTHUMG00000151919.18|OTTHUMT00000324424.2|RPS27A-202|RPS27A|705|protein_coding|	705	384.562	342.325	482.076	358.14	391.243	208.4	573.056	0	334.455	398.959	419.201	120.775	88.1679	389.037	352.597	564.389	606.583	755.198	476.729	2620.93	265.126	268.472	289.342	370.869	692.131	239.375	274.88	128.312	86.7014	148.963	246.361	53.5777	39.1896	102.951	0	267.212	92.4963	399.469	474.976	301.914	134.737	23.2875	142.584	160.463	349.01	129.967	61.4621	76.4428	62.6803	21.5285	0	194.427	105.402	323.277	58.5879	77.344	273.209	12.426	171.328	539.113	19.2336	419.532	180.68	30.0084	212.799	73.6637	109.679	73.9444	224.489	147.036	219.631	98.5706	152.117	129.14	131.076	153.041	115.509	157.577	211.147	199.368	137.529
ENST00000272317.10|ENSG00000143947.13|OTTHUMG00000151919.18|OTTHUMT00000324423.15|RPS27A-201|RPS27A|1071|protein_coding|	1071	743.766	286.028	234.661	228.204	467.136	158.966	388.174	210.572	332.003	384.985	439.387	355.863	149.641	378.646	392.298	608.618	571.559	179.705	414.121	1404.15	194.739	198.289	275.742	424.693	483.571	216.403	259.448	85.2188	62.2973	102.159	211.789	54.4615	2.74093	139.532	105.075	265.949	162.285	368.054	344.265	216.188	206.154	90.545	171.615	111.547	215.355	89.8936	50.5379	150.705	53.2043	5.57035	283.567	214.248	99.7348	222.939	69.8049	66.2129	174.462	15.1363	97.8804	420.766	49.9991	382.715	170.499	113.08	224.607	106.788	62.8117	82.4747	157.219	131.661	255.194	63.4222	145.84	109.428	217.513	131.298	100.477	136.086	188.055	200.083	130.773
ENST00000449323.5|ENSG00000143947.13|OTTHUMG00000151919.18|OTTHUMT00000326268.2|RPS27A-204|RPS27A|422|protein_coding|	422	148.427	0	20.9987	0	0	0	0	0	0	3.31607e-07	0	0	0	0	13.9329	0	0	0	0	0	0	0	0	0	0	0.000329626	0	0	0	0	0	3.8511	0	0	0	0	0	0	0	0	0	0	0	0	0	6.48586	0	0	0	0	0	0	6.86285	0	9.36457	6.44302	0	6.35691	0.0203094	0	1.6721e-07	0	0	0	0	0	0	0	0	0	0	0.00680334	0	0	0	0	0	0	0	0	0
ENST00000404735.1|ENSG00000143947.13|OTTHUMG00000151919.18|OTTHUMT00000324415.2|RPS27A-203|RPS27A|796|protein_coding|	796	472.441	98.6475	18.2388	83.4434	173.073	24.6337	66.3113	647.757	24.5415	34.056	7.41246	724.925	127.183	157.93	116.087	151.993	0.000587979	394.615	163.15	895.516	98.135	75.5724	0.0982252	152.583	69.9983	2.222	98.6648	70.4693	0.00133948	27.5084	3.84923	0	3.70777	122.634	343.925	74.9211	347.218	261.811	130.836	42.2926	41.0684	69.7979	65.2037	25.9902	81.6264	30.6531	0	126.135	10.1154	1.90117	286.774	0	5.1873e-05	0	10.2426	0	39.3294	28.0248	19.7711	140.431	23.7906	229.742	37.8215	194.064	99.5941	32.5482	35.5088	28.5809	12.2918	158.272	106.175	0.00042993	29.0497	26.8802	78.9541	28.8541	80.0138	8.65567e-05	7.79718	126.549	90.5819
ENST00000409115.7|ENSG00000187514.16|OTTHUMG00000153810.3|OTTHUMT00000332552.1|PTMA-202|PTMA|1221|protein_coding|	1221	893.766	281.838	3108.18	2351.62	2561.79	1025.14	869.33	1269.45	602.533	168.441	726.019	530.657	1711	553.184	1152.23	550.919	355.34	1374.74	1552.54	791.223	1372.4	1385.05	1006.22	1046.41	345.611	451.872	232.742	381.566	291.884	186.791	263.102	206.835	255.626	540.932	297	281.097	286.982	855.121	372.967	682.859	413.904	69.5869	388.344	594.17	364.414	93.4071	161.468	77.9605	327.777	445	96.3957	370.684	214.022	508.868	286.752	246.759	323.733	80.4748	316.316	232.336	368.383	784.205	254.772	267.327	172.409	410.901	391.449	691.687	301.905	488	940.93	164.029	772	258.338	654.736	460.014	143.796	271.744	24.8022	767.462	249.478
ENST00000341369.11|ENSG00000187514.16|OTTHUMG00000153810.3|OTTHUMT00000332553.1|PTMA-201|PTMA|1212|protein_coding|	1212	884.766	232.711	184.523	230.118	0	2.84438e-07	30.714	176.252	0	185.798	139.605	365.969	119.752	0	0	73.2082	10.4994	10.3461	285.934	248.984	0	0	44.0991	301.37	203.58	273.187	0	117.891	0	0	38.0874	0	0	58.6833	0	49.85	127.541	15.5422	113.708	0	0	64.4101	0	0	38.1804	0	239.987	0	0	0	199.233	133.316	60.0281	0	0	0	0	0	0	0	0	20.5632	156.48	28.0103	0	0	0	119.205	0	0	46.9943	0	0	0	0	177.459	0	0	0	45.5263	0
ENST00000412128.1|ENSG00000187514.16|OTTHUMG00000153810.3|OTTHUMT00000332559.1|PTMA-206|PTMA|863|protein_coding|	863	538.297	0	2.12199	0	0	0	1.2956	0	0	0	0	0	3.1653	0	0	0	0	0	55.0898	0	0	2.10971	0	0	0	0	0	0	0	0	0	2.26829	0	0	0	0	0	0	0	0	0	0	2.34334	0	2.12147	0	0	0	0	0	0	0	0	0	0	0	0	0	0	0	0	0	0	0	5.54557	0	0	0	0	0	0	0	0	0	0	0	0	0	0	0	0
ENST00000307839.10|ENSG00000174748.22|OTTHUMG00000130485.10|OTTHUMT00000252885.3|RPL15-201|RPL15|2155|protein_coding|	2155	1827.77	533.778	155.296	133.503	2396.67	469.827	0	256.244	454.641	70.4683	48.1401	31.122	158.421	507.911	1256.81	584.433	38.0244	1648.86	714.307	4323.57	202.764	1174.45	12.5878	13.348	122.002	466.502	403.229	5.6552	214.052	513.638	97.2695	212.566	863.784	129.94	133.394	743.473	306.668	821.659	579.054	754.217	739.659	0	769.576	283.192	327.27	117.526	493.716	328.493	203.748	642.513	70.1617	12.7842	395.985	23.2442	485.47	0	888.838	274.259	431.255	240.372	136.943	4.33563	1218.99	188.003	373.171	20.7785	266.106	808.098	1348.14	224.85	771.682	173.874	1059.79	124.766	750.838	1024.02	499.378	800.095	277.615	95.4986	614.576
ENST00000413699.7|ENSG00000174748.22|OTTHUMG00000130485.10|OTTHUMT00000497269.2|RPL15-204|RPL15|2221|protein_coding|	2221	1893.77	0	0	11.3261	0	17.5339	0	10.7843	0	0	2.5076	0	0	460.733	0	87.0699	0	0	0	0	65.3883	0	33.16	72.8156	0	0	0	1.66333	0	0	32.4939	0	0	0	0	0	0	0	130.425	0	0	91.6809	0	2.26821e-05	0	0	167.102	0	0	0	0	0	0	0	0	4.07215	0	0	0	0	0	0	0	19.6765	0	0	0	0	0	0	0	27.2226	0	0	0	0	0	0	0	35.3568	0
ENST00000645079.1|ENSG00000174748.22|OTTHUMG00000130485.10|OTTHUMT00000494373.1|RPL15-216|RPL15|566|protein_coding|	566	258.386	53.2891	15.581	114.052	113.321	75.049	20.3923	62.2005	0.00446749	225.156	8.18093	62.6128	0.0106157	0	76.5477	188.302	189.338	152.707	18.4543	147.027	0	37.6742	0.0020205	0	176.595	119.316	20.2296	0	43.2531	31.8163	2.81742	0	0	3.53349e-08	44.5538	37.0517	1.46437e-07	2.7216	46.4886	0	0	0	0	0	39.8449	1.61595	14.7241	1.43403	0.210257	15.6892	12.8587	27.9264	17.9235	14.8267	0	3.97617	2.65191e-07	0	0	0	9.59112	2.95032	0	13.516	0.00157172	0	15.9874	49.4475	0	79.0306	33.9918	24.46	0	33.9183	0.0511241	23.3722	26.7357	15.9983	0	0	0
ENST00000456530.7|ENSG00000174748.22|OTTHUMG00000130485.10|OTTHUMT00000494377.1|RPL15-209|RPL15|3182|protein_coding|	3182	2854.77	1.78878	0	1.62647	6.3024	4.06012	0	0	1.54197	1.39114	0	10.2833	7.68276	1.6809	4.05436	1.84334e-05	0	10.7531	7.85971	0	4.40349	0	13.3438	9.70231	1.44009	0	0	1.81682	1.61286	0	4.6176	2.45832	15.1461	0	0	1.44074	1.94146	0	5.32555	14.1364	4.65626	0	3.36298	0	0	6.35805	2.73508	8.43137	1.76258	0	0	0.416743	7.97087	0.300946	0	7.3279	4.61325	0	1.15812	1.66583	78.7572	0	5.32336	5.88792	9.70495	16.9682	3.22016	0	0	0	0	1.22383	0	0	1.81662	0	0	3.34925	11.3822	0.320844	16.077
ENST00000412097.5|ENSG00000174748.22|OTTHUMG00000130485.10|OTTHUMT00000341021.2|RPL15-203|RPL15|562|protein_coding|	562	255.01	221.535	284.087	92.8797	325	4.75471	41.6891	83.3883	185.765	294.873	286.098	386.484	149.311	270.04	187.049	364.744	425.621	203.14	184.503	21.6229	196.279	171.348	141.157	260.016	408.758	245.073	108.268	52.8795	48.0635	144.963	111.11	22.858	44.5548	97.6156	69.5113	91.9805	93.3333	11.6764	12.3196	103.082	49.7071	0	4.13775	0	69.8689	33.2496	59.8684	24.3721	0	13.2375	46.0509	67.3491	104.101	66.7863	62.2139	38.7291	31.6949	57.645	14.5619	97.9205	37.3221	47.2834	69.4132	98.5929	111.997	60.3122	79.6019	1.29616	3.41254e-06	119.995	185.218	68.9785	25.6301	46.4515	126.511	104.644	9.26751e-05	153.358	73.3651	97.8108	68.9753
ENST00000644684.1|ENSG00000174748.22|OTTHUMG00000130485.10|OTTHUMT00000494374.1|RPL15-215|RPL15|564|protein_coding|	564	256.69	154.378	36.031	80.8078	4.49866e-08	50.1541	17.0593	90.882	125.462	130.124	89.6769	0.000254964	89.1833	152.321	209.981	322.445	157.432	388.784	204.213	404.759	240.091	136.442	20.3545	99.1512	281.854	149.375	0	0	0	5.9466e-06	0	0.00188424	0	0	0	0	0	0	0	0	0	0	0	0	0	31.9524	0	0	5.94345	0	0	0	34.5367	29.1116	6.7983e-05	0	3.80175e-06	38.7896	1.81651	8.90744e-06	24.358	0	22.1238	0	0	0	0	0	0	17.9356	20.5243	0	0	0	0	0	68.1769	0	0	0	0
ENST00000415719.5|ENSG00000174748.22|OTTHUMG00000130485.10|OTTHUMT00000341023.1|RPL15-205|RPL15|830|protein_coding|	830	505.83	0	0	0	0	0	9.85402e-07	0	0	0	23.027	0	0.412186	0	0	0	52.346	0	41.2001	0	0	0	0	0	25.769	0	0	1.94983	0	11.2096	0	0	0	22.667	0	0	0	6.56174	0	0	0	0	0	0	0	0	0.279074	0	0	0	3.37856e-08	0	0	0	0	0	0	0	0	16.0086	0	0	5.78005	0	0	0	0	0	0	0	0	0	0	29.9468	0	0	0	0	0	0	0
ENST00000644185.1|ENSG00000174748.22|OTTHUMG00000130485.10|OTTHUMT00000340868.2|RPL15-214|RPL15|824|protein_coding|	824	499.933	0	0.00651168	0	0	5.64821	0.025987	0	104.912	0.00125394	110.416	0.000179116	8.02837	294.473	0	209.298	3.10834e-05	0	0	0	239.338	0	206.43	711.521	0.000132439	0	0	59.0985	35.8797	0	74.5516	56.6301	0	9.94088e-06	14.5087	0	7.14067e-06	0	1.45475	43.8575	0	3.16346	0	33.0649	0	0	64.294	0	0	0	0.00230274	0.0390969	0	0.000260769	0	59.2094	0	0	0	2.34047	0	0.00999408	0	86.7569	1.34727e-05	59.0833	4.26161	0	0	0.192721	0.0829604	0	0	0	0	0	0	0	0.000487641	143.661	0
ENST00000436146.2|ENSG00000174748.22|OTTHUMG00000130485.10|OTTHUMT00000494375.1|RPL15-208|RPL15|605|protein_coding|	605	292.294	297.759	403.965	289.418	1027.04	173.71	68.2927	111.935	252.904	519.04	521.57	724.247	341.955	345.526	399.07	608.805	814.37	122.193	280.367	60.9176	233.465	188.979	229.02	450.838	397.401	436.624	279.274	260.706	228.638	309.349	326.203	107.782	214.348	258.7	363.867	318.395	248.936	184.103	255.895	262.619	136.407	45.7837	161.046	41.7427	196.558	5.08874	229.14	117.289	0	116.56	193.9	147.33	184.626	167.351	155.316	100.555	232.176	49.3059	124.929	256.866	110.527	163.612	206.545	255.935	231.114	146.753	164.205	305.998	111.893	384.245	504.891	151.344	185.578	249.834	407.185	375.966	105.684	406.284	195.566	258.646	194.57
ENST00000354811.5|ENSG00000174748.22|OTTHUMG00000130485.10|OTTHUMT00000340870.2|RPL15-202|RPL15|820|protein_coding|	820	496.022	0	268.696	0	8.9354e-08	0	24.2928	93.3106	32.3228	254.751	255.734	455.586	142.56	0	0	0	264.409	0	311.657	0	0	0	0	0	185.92	0	0	208.489	1.14488e-08	0	0	0	0	151.068	26.0127	0	97.8632	25.1863	0	1.22227e-05	0	0	0	0	0.891806	0	9.61957	0	0	0	4.02652	56.4777	0	78.6596	0	0	0	0	87.5411	103.937	0	27.8083	104.205	0	33.1045	78.7412	45.5659	5.32468	0	24.7506	60.6755	0	0	0.0840062	0	0	12.3652	0	59.8015	0	0
ENST00000301821.11|ENSG00000168028.14|OTTHUMG00000131296.6|OTTHUMT00000254064.4|RPSA-201|RPSA|1140|protein_coding|	1140	812.766	2146.98	3327.77	732.744	2291.23	583.871	2038.17	960.078	3100.79	2249.15	2830.36	3812.3	2460.33	1238.44	1701.93	2175.83	813.281	623.185	1347.56	1051.79	584.001	1908.18	473.838	1727.72	2091.06	1437.09	654.008	241.789	425.37	896.033	792.811	315.666	836.253	865.948	584.892	748.323	1412.63	1473.55	1455.53	1240.27	286.964	424.403	359.977	634.806	293.98	692.036	1366.75	700.041	138.229	402.267	158.788	847.298	545.717	484.795	608.518	671.551	411.356	281.708	529.347	779.221	181.87	1230.19	1220.71	904.122	824.927	442.877	416.888	453.726	571.479	1159.24	677.608	98.1078	852.15	772.758	1022.32	936.956	1041.47	404.446	218.003	605.591	921.655
ENST00000458478.5|ENSG00000168028.14|OTTHUMG00000131296.6|OTTHUMT00000343661.2|RPSA-204|RPSA|874|protein_coding|	874	549.115	0.00214044	0.100545	0	0	0.000840328	81.5883	0	0	45.6735	39.1918	0	3.96689e-08	0.353362	78.4604	0.00146376	0	114.28	129.319	0	0	5.31133e-05	4.87378	136.14	0	1.47073e-06	0	0	0	84.3895	49.0092	16.9656	4.5875e-07	0	0	0	0.00062945	4.30618e-07	0	0.18225	0	13.8161	0	0	0	2.09124	0.0034561	0	10.706	0	0.192442	43.7005	0	71.8864	0.0051289	0	1.98853e-08	0	0	35.8699	0	295.17	8.64688e-05	12.299	54.5574	49.8171	78.3036	1.96531	0.476781	0	0	15.6259	108.864	22.9305	25.098	0.020283	2.37334e-06	0	4.98486e-07	14.5266	7.84071e-05
ENST00000443003.2|ENSG00000168028.14|OTTHUMG00000131296.6|OTTHUMT00000343655.1|RPSA-202|RPSA|1032|protein_coding|	1032	704.766	0	1.71169e-05	1.9594	2.93914e-06	0	0	0	0	0	0.0346686	3.44037e-06	47.7535	0.0066594	0	5.35718e-07	1.39844	0.622446	30.247	2.89849e-07	0.000590901	2.01899e-05	115.57	96.4355	0.0364587	262.846	0.136959	20.1468	0	0	0	4.01028e-06	0	0	0	0	2.36007e-07	171.214	6.08118e-07	14.6898	0	0	0	1.31063e-06	0	7.01876e-08	9.20524e-06	0	0	0	0	1.03421e-08	1.47045e-07	2.44603e-08	0	3.58562e-05	73.2501	0.939658	52.6404	0	0.00105546	1.21472e-08	64.188	4.3136e-05	0.0110321	0.219538	89.5594	0	0	0	8.10595e-07	54.215	3.51165	3.08862e-05	0.000388279	2.86968e-08	0	0	19.9873	91.385	1.72303e-08
ENST00000645496.1|ENSG00000163682.16|OTTHUMG00000099367.7|OTTHUMT00000216812.4|RPL9-214|RPL9|2354|protein_coding|	2354	2026.77	0	0	0	0	0	0	0	0	0	114.116	0	0	0	0	0	0	0	0	0	0	274.204	0	0	0	7.76263	0	0	0	0	0	0	0	0	0	0	0	0	0	0	0	0	0	0	0	35.4171	0	0	0	0	0	0	0	0	0	0	0	0	0	0	0	0	0	3.81414	0	0	0	0	0	0	0	0	0	0	0	0	0	0	0	0	0
ENST00000295955.13|ENSG00000163682.16|OTTHUMG00000099367.7|OTTHUMT00000494455.2|RPL9-201|RPL9|750|protein_coding|	750	427.771	524.106	955.681	151.567	1597.65	508.704	993.223	213.655	1086.73	420.989	1741.65	1231.57	597.565	686.26	842.911	1014.44	291.694	295.315	1230.1	691.033	679.761	388.853	441.459	1238.15	1389.89	774.409	541.065	1115.79	72.1512	729.828	779.045	243.703	419.252	468.248	77.2973	870.352	681.492	771.709	1062.73	1720.03	0	363.46	162.386	143.451	402.91	341.03	961.139	333.852	234.031	297.761	143.997	244.036	703.063	0	209.357	618.674	493.106	293.479	641.543	2094.95	124.823	1769.54	840.727	1219.3	780.164	248	1068.35	556.036	724.281	558.867	1612.06	287.065	545.921	478.042	629.284	396.382	536.026	592.755	115.421	1062.33	795.621
ENST00000449470.6|ENSG00000163682.16|OTTHUMG00000099367.7|OTTHUMT00000361018.1|RPL9-203|RPL9|1127|protein_coding|	1127	799.766	0	0	0	0	0	307.8	0	0	5.15098	0	0	0	0	0	0	0	0	0	0	0	0	0	0	0	0	0	0	0	8.19272	0	0	0	0	0	0	0	0	0	0	0	0	0	0	0	0	0	0	3.12572	0	0	8.81546	0	0	0	0	0	0	0	0	0	0	0	45.1476	0	0	0	0	11.1989	0	0	0	0	0	0	0	0	0	0	0	5.45973
ENST00000508595.6|ENSG00000163682.16|OTTHUMG00000099367.7|OTTHUMT00000361023.2|RPL9-208|RPL9|662|protein_coding|	662	344.159	0	0	2.73351	350.717	7.87208	781.042	30.5923	42.9496	9.8571	36.8868	165.165	309.221	271.8	0.00839384	8.27291	6.74774	492.691	480.744	789.478	237.249	75.3865	15.6748	1.10266e-05	0	0	205.935	185.341	15.5607	53.5259	167.486	74.0653	54.6322	58.752	56.7027	253.731	24.7361	153.791	246.622	7.35346	0	26.4196	0.59289	69.5493	8.88057e-05	47.5532	41.9912	0	94.7362	37.1808	71.8985	101.57	9.72443e-07	0	4.17704	104.766	65.6695	0	16.9771	257.556	0.0277057	267.18	161.038	9.74216	62.0426	0	12.2592	160.964	150.364	118.935	205.387	223.382	168.352	66.2645	193.032	0.0515875	206.974	244.242	38.5227	211.673	247.383
ENST00000506581.6|ENSG00000163682.16|OTTHUMG00000099367.7|OTTHUMT00000361028.2|RPL9-207|RPL9|370|protein_coding|	370	117.598	0	4.23854	0	0	0	136.953	0	0	0	0	0	0	43.9485	0	0	0	55.0171	146.56	51.651	23.8278	0	0	0	0	0	0	0	0	0	0	0	0	0	0	0	0	0	0	0	0	0	0	0	0	0	0	0	0	0	0	0	0	0	0	0	0	0	0	0	0	0	0	0	1.98641	0	0	0	0	0	0	0	0	0	0	0	0	0	0	0	0
ENST00000504470.2|ENSG00000163682.16|OTTHUMG00000099367.7|OTTHUMT00000361025.3|RPL9-206|RPL9|690|protein_coding|	690	370.404	0	0	0	0	0	0	0	0	7.12998	0	1.46248	0	0	0	8.93507	0	2.96028	0	0	0	0	0	0	0	0	0	0	0	30.361	0	0	0	0	0	60.9169	0	0	0	0	0	0	30.923	0	0	0	0	0	52.1032	0	0	50.9135	0	0	0	47.8372	0	0	0	0	0	0	0	0	0	0	0	0	29.7996	0	53.5394	0	0	0	0	0	0	0	0	0	34.4892
ENST00000509736.5|ENSG00000145425.10|OTTHUMG00000161445.4|OTTHUMT00000364962.2|RPS3A-208|RPS3A|576|protein_coding|	576	266.926	2.65149	16.2196	30.7016	9.59984	3.24428	13.8451	8.70766	30.595	3.6346	0	20.7182	5.21289	11.1573	13.3488	25.4058	30.9158	16.4049	38.9482	48.9862	0	24.626	12.0964	0	21.2202	68.2928	20.8549	13.9597	9.47277	38.4144	28.3381	7.79263	14.1365	0	0	39.5048	21.6238	72.0673	34.8206	65.5029	6.55878	0	6.04213	13.9868	44.6839	0	17.9264	10.5297	0	12.3347	5.3277	6.73188	0	19.2065	24.5599	3.23992	13.6386	13.6977	10.0351	11.8146	3.87621	33.6845	13.2041	39.3855	41.2997	0	0	32.3666	0	52.4963	19.8991	10.7559	9.9877	19.4152	13.5098	24.2888	11.939	35.6241	9.18656	44.7385	36.5817
ENST00000505243.5|ENSG00000145425.10|OTTHUMG00000161445.4|OTTHUMT00000364961.2|RPS3A-203|RPS3A|614|protein_coding|	614	300.365	0	0	0	0	0	0	0	0	0	0	0	0	0	0	0	0	0	0	0	0	0	0	0	0	0	0	0	32.1496	0	0	0	0	0	0	0	0	0	0	0	0	0	0	0	0	0	0	0	0	0	0	0	0	0	0	0	0	0	0	0	0	0	0	0	0	0	0	27.5071	0	0	0	0	0	0	0	0	0	0	0	0	0
ENST00000274065.9|ENSG00000145425.10|OTTHUMG00000161445.4|OTTHUMT00000364957.2|RPS3A-201|RPS3A|869|protein_coding|	869	544.182	1168.45	2392	1852.88	2717.73	953.44	3746.44	995.361	2784.53	1311.27	4656.43	5285.48	3183.65	1291.4	2057.5	3176.78	2181.7	6012.88	4766.98	10699.4	922.869	3398.4	2453.79	1899.81	1880.74	2978.16	3651.26	2844.72	251.445	2584.13	1522.58	468.155	928.851	2245.83	509.039	1730.14	1277.19	2109.17	2831.81	3449.13	365.15	306	1250.36	655.214	1264.83	819.89	2063.24	737.459	653.205	1420.52	907.256	1902.63	605.345	1140.03	1142.61	413.688	1632.34	398.851	688.856	2260.67	392.712	3904.46	2044.33	2003.59	1431.89	702.364	888.359	1943.05	767.164	1768.6	2608.74	1008.76	1372.19	1179.58	2015.48	2127.52	1447.96	1359.96	778.597	1911.54	2256.14
ENST00000512690.5|ENSG00000145425.10|OTTHUMG00000161445.4|OTTHUMT00000364971.1|RPS3A-210|RPS3A|845|protein_coding|	845	520.573	0	0	0	5.64701	0	5.97087	0	0	0	0	0	5.49434	0	0	11.3021	0	0	0	0	0	0	11.033	0	0	0	0	0	5.25061	5.95241	0	0	0	0	0	0	0	0	0	0	0	0	0	0	0	0	0	0	0	0	0	0	0	0	0	0	0	0	0	0	0	0	0	0	4.73575	0	0	0	40.5618	0	0	0	0	0	0	6.10305	0	0	0	0	0
ENST00000512797.5|ENSG00000145425.10|OTTHUMG00000161445.4|OTTHUMT00000364970.1|RPS3A-211|RPS3A|686|protein_coding|	686	366.631	0	0	0	0	0	0	0	0	0	0	0	0	5.65857	0	0	0	156.005	0	0	16.8989	0	0	0	0	4.96908	0	0	0	0	0	0	0	0	6.82395	0	0	0	5.20347	0	0	0	0	0	0	0	0	0	0	0	0	4.74374	0	0	0	0	0	0	0	0	0	0	0	0	0	0	0	0	0	0	0	0	0	0	0	0	0	0	0	0	5.02324
ENST00000507327.5|ENSG00000145425.10|OTTHUMG00000161445.4|OTTHUMT00000364967.2|RPS3A-205|RPS3A|674|protein_coding|	674	355.358	59.8139	0	0	0	0	0	0	0	0	0	0	0	1.3277	25.7534	55.3287	0	1075.03	23.9265	453.96	11.8173	0	0	0	0	0	0	0	0	0	0	0	0	0	0	0	0	0	0	8.98405	0	0	0	0	0	0.000921084	0	0	3.78748	0	2.61883e-08	0	0	0	0	0	0	0.636479	0	0	0	0	0	0	0	0	0	0	0	0	0	0	0	0	0	0	0	0	0	0	0
ENST00000506126.5|ENSG00000145425.10|OTTHUMG00000161445.4|OTTHUMT00000364963.1|RPS3A-204|RPS3A|862|protein_coding|	862	537.316	0	0	0	0	0	0	0	0	0	0	0	0	0	0	0	0	0	0	0	0	0	0	0	0	0	0	0	0	0	0	0	0	0	0	0	0	0	0	0	0	0	0	0	0	0	0	0	0	0	0	203.737	0	0	0	0	0	0	0	0	0	0	0	0	0	0	0	138	0	0	0	0	0	0	0	0	0	0	0	0	0
ENST00000510993.1|ENSG00000145425.10|OTTHUMG00000161445.4|OTTHUMT00000364966.2|RPS3A-209|RPS3A|762|protein_coding|	762	439.455	0	0	0	0	0	0	0	0	0	0	0	0	0	0	0	0	0	0	0	0	0	0	0	0	0	0	0	51.3758	0	0	0	0	0	0	0	0	0	0	0	0	0	0	0	0	0	0	0	0	0	0	0	0	0	0	0	0	0	0	0	0	0	0	0	0	0	0	63.9627	0	0	0	0	0	0	0	0	0	0	0	0	0
ENST00000009530.12|ENSG00000019582.15|OTTHUMG00000163559.4|OTTHUMT00000374178.2|CD74-201|CD74|3092|protein_coding|	3092	2764.77	402.026	212.139	416.888	3.02576	140.692	372.176	2.75954	37.119	348.917	0	68.9945	10.6709	162.071	388.038	15.8674	90.9631	617.471	431.435	0	15.7771	392.038	5.16701	257.143	666.239	705.874	0	426.215	8.69093	42.0428	45.3652	109.199	2.49452	2.95577	3.01235	0	108.137	11.7347	1.90653	4.94494	48.3552	18.0563	6.06417	25.6863	2.99443	0	23.8174	2.53015	124.511	12.2029	0	2.77625	0	0	2.68098	2.72905	2.76264	0	0	2.81378	0	18.692	11.4028	5.82263	2.63779	10.4593	14.7145	14.6023	2.33774	3.00186	4.33677	0	2.53859	8.54323	2.9717	11.4927	132.234	2.13696	4.74378	8.285	0
ENST00000377795.7|ENSG00000019582.15|OTTHUMG00000163559.4|OTTHUMT00000374177.1|CD74-203|CD74|1138|protein_coding|	1138	810.766	1591.33	1833.67	3678.53	2255.15	2756.81	2761.54	2768.33	4035.03	3084.24	3695.85	3153.29	2846.68	2194.11	1496.84	2962.1	4756.36	1863.38	3013.37	6658.41	1150.52	2188.19	1255.66	2455.02	3887.86	2061.17	1658.95	592.873	1462.59	1553.51	1534.07	748.277	1265.86	1719.67	1860.66	1082.33	1179.92	2006.83	1437.44	1732.7	1431.12	1402.04	1363.27	1401.13	1467.18	946.734	1025.86	1267.67	1269.07	1742.57	597.02	947.029	1227.79	2615.08	1084.44	1656.08	1868.46	50.4665	1299.39	2823.73	1025.89	3007.73	1698.12	1551.16	1778.37	1872.72	1500.02	1575.93	1264.32	1716.77	1941.45	970.292	2492.92	1790.19	2134.55	2054.5	1877.73	1299.94	1284.65	2587.04	1610.73
ENST00000353334.10|ENSG00000019582.15|OTTHUMG00000163559.4|OTTHUMT00000374176.1|CD74-202|CD74|1449|protein_coding|	1449	1121.77	3619.69	4893.32	9435.86	3354.83	4393.21	6366.79	5008.37	7129.07	6255.54	6117.67	5593.72	4408.5	3228.33	2814.67	5372.16	7720.86	4773.88	5640.16	15336	2813.21	4239.71	2956.82	4810.86	8312.13	4208.51	2794.37	1409.07	2394.92	2725.69	2561.15	1329.39	2033.14	3254.26	3635.37	2132.69	1831	2992.49	3159.5	3348.68	2050.48	2274.36	2324.4	1861.82	1938.49	1290.5	1833.66	2537.21	2098.84	2680.85	939.687	1763.38	2169.04	4253.92	1844.05	2763.01	3013.67	127.071	2079.65	4828.86	2141.98	4827.22	2654.58	2543.92	2599.37	2345.84	2455.54	2524.09	1998.85	2808.43	3105.17	1572.24	4763.03	2640.05	3070.45	3535.21	2612.38	1961.37	1961.03	3780.74	2218.63
ENST00000518797.5|ENSG00000019582.15|OTTHUMG00000163559.4|OTTHUMT00000374179.1|CD74-206|CD74|1727|protein_coding|	1727	1399.77	116.576	509.178	186.265	259.182	338.349	74.3488	381.279	825.972	263.672	15.1728	378.759	517.09	571.249	311.645	585.721	952.908	377.479	1048.79	9.58261	177.813	487.788	157.182	305.814	707.71	93.1512	20.8761	144.067	249.87	163.164	213.751	90.3056	74.5642	143.685	21.2822	34.2749	39.7674	139.81	14.5838	334.565	51.2347	216.078	61.3007	305.423	197.832	86.3861	6.27611	251.42	136.56	260.328	18.3341	156.212	107.544	75.9318	280.115	161.849	99.1605	8.09143	101.83	69.7417	71.4565	503.762	270.587	187.127	134.183	55.1497	141.847	219.799	69.0524	113.933	65.2317	0	237.895	104.608	134.349	123.679	68.4871	129.59	97.6974	256.623	68.3811
ENST00000407193.7|ENSG00000164587.13|OTTHUMG00000130080.7|OTTHUMT00000252373.5|RPS14-203|RPS14|2146|protein_coding|	2146	1818.77	227.395	377.068	59.2427	246.231	136.769	127.906	282.312	459.673	183.557	495.07	328.036	210.401	188.783	147.747	107.268	204.558	49.4008	147.355	800.543	156.964	192.392	188.214	203.591	178.849	313.133	123.92	158.659	40.1166	330.812	192.376	28.0413	50.653	97.2077	76.0116	163.554	106.496	189.682	222.605	170.587	21.6205	75.7536	56.6488	85.3595	45.3871	32.0155	188.279	46.392	9.22792	109.024	72.4617	124.943	41.0099	116.469	35.1261	33.9837	129.259	54.2398	121.109	132.466	29.2919	179.489	81.5541	95.6407	166.66	25.4436	98.2828	83.4464	71.9466	82.9395	103.284	82.9034	197.262	129.79	166.073	144.925	213.935	240.367	85.2677	151.382	125.818
ENST00000521466.5|ENSG00000164587.13|OTTHUMG00000130080.7|OTTHUMT00000374307.1|RPS14-207|RPS14|592|protein_coding|	592	280.795	449.569	726.353	120.647	499.234	443.089	298.101	558.688	1143.82	443.077	860.481	613.348	446.948	549.323	389.96	216.794	446.458	97.5863	333.089	1777.64	311.965	500.404	372.761	364.844	485.478	675.729	268.909	72.2791	110.72	300.123	151.419	103.063	86.0551	339.968	189.981	436.874	252.663	556.094	785.097	441.592	56.7562	123.825	94.0402	177.244	126.199	179.081	396.867	69.8026	28.5139	195.303	159.489	289.444	107.434	356.729	77.3951	95.7531	297.224	150.472	215.677	323.072	125.387	457.767	192.288	182.981	343.862	62.2204	196.854	140.026	236.972	124.153	257.183	202.629	387.003	209.635	301.576	448.45	401.563	335.177	155.857	306.676	359.284
ENST00000312037.6|ENSG00000164587.13|OTTHUMG00000130080.7|OTTHUMT00000494408.1|RPS14-201|RPS14|712|protein_coding|	712	391.211	0	0	0	0	0	0	0	0	0	0	0	0	0	0	0	0	0	0	0	0	0	10.3883	0	0	0	0	0	0	0	0	0	0	0	0	0	0	0	0	0	0	0	0	11.1975	0	0	0	0	0	0	0	0	0	5.12916	0	0	0	0	0	0	0	0	0	0	0	1.67036	0	0	0	0	0	0	71.5645	0	0	0	0	0	0	0	0
ENST00000642507.1|ENSG00000164587.13|OTTHUMG00000130080.7|OTTHUMT00000495339.1|RPS14-208|RPS14|620|protein_coding|	620	305.664	7.12058	0	7.00749	0	0	4.78818	0	0	0	0	0	0	0	0	0	0	0	0	0	0	0	0	0	20.4186	0	0	0	0.0579949	0	0	1.89618	0	0	0	0	0	9.87597e-08	0	0	0	0	0	0	0	0	0	0	0	0	0	0	6.86174	0	0	0	0	0	0	0	6.39182	2.7431	0	0	0	0	0	0	0	0	0.147562	0	0	3.83704	0	7.55993	0	0	11.465	0	0
ENST00000517671.5|ENSG00000181163.13|OTTHUMG00000130465.4|OTTHUMT00000372225.1|NPM1-204|NPM1|1338|protein_coding|	1338	1010.77	240.783	144.616	42.9913	0	240.093	1184.4	421.605	490.69	218.419	362.139	352.769	261.183	0	130.62	573.054	126.66	506.601	117.511	1326.07	0	144.215	88.3728	657.383	520.433	622.16	505.037	236.885	116.487	0	25.9118	141.935	152.727	243.778	165.258	238.851	412.704	769.975	179.897	450.678	185.235	297.004	192.605	199.755	135.002	105.315	385.308	185.25	124.842	553.782	0	76.1103	0	148.203	0	300.888	510.742	116.195	168.797	187.448	138.069	621.432	322.486	140.627	286.113	261.503	274.476	251.322	180.15	236.248	0	206.406	580.405	371.208	534.196	43.4476	348.447	0	58.0132	8.88131	0
ENST00000296930.9|ENSG00000181163.13|OTTHUMG00000130465.4|OTTHUMT00000252858.2|NPM1-201|NPM1|1758|protein_coding|	1758	1430.77	0	0	0	0	15.5737	0	0	8.02236	35.7959	0	25.6395	0	0	15.3156	0	0	0	0	24.5492	0	6.7393	0	17.4309	7.41445	0	82.8594	14.826	7.00836	0	0	0	0	26.9351	0	19.177	22.4418	97.2288	0	28.765	8.65876	14.4156	0	8.6515	7.03941	0	7.6816	8.75566	0	13.5358	0	8.26313	0	0	0	8.22422	8.27976	0	7.75623	5.48382	0	15.8284	15.3757	0	0	12.3163	0	0	17.2249	0	0	10.647	10.2457	7.56368	33.4927	0	0	0	6.32055	0	0
ENST00000521672.5|ENSG00000181163.13|OTTHUMG00000130465.4|OTTHUMT00000372226.3|NPM1-208|NPM1|597|protein_coding|	597	285.156	6.0187	10.1863	0	0	17.3177	0	35.948	27.5969	20.656	57.2799	38.6591	16.3963	0	16.859	17.053	17.0216	0	0	241.08	2.81672	0.00160071	4.77938	63.648	124.79	1.08759e-05	28.9883	27.9688	0	0	10.0031	8.79853	0	0	12.6041	10.4286	0	42.8801	4.2901	3.04164e-06	38.5639	41.3083	3.38678	35.722	0	0	17.7303	0	0	11.6429	0	0	0	0	0	0	22.7289	0	0	0	0	9.61182	46.5307	0	0	25.4789	0	0.000107144	15.3024	0	0	4.33316	20.0608	20.6704	2.27553	0	0	0	3.35287	0	0
ENST00000351986.10|ENSG00000181163.13|OTTHUMG00000130465.4|OTTHUMT00000252859.2|NPM1-202|NPM1|1237|protein_coding|	1237	909.766	127.875	128.212	25.0117	0	86.5439	260.588	174.074	277.38	136.03	403.484	224.794	128.759	0	53.2908	188.838	119.537	104.366	25.4728	37.2744	2.67391	67.8857	72.8478	378.482	226.527	470.804	149.104	125.839	84.4134	0	29.546	48.1181	78.2151	118.294	87.026	126.003	313.473	467.83	115.597	368.027	73.1778	184.268	93.6991	80.7724	107.224	56.9917	297.146	125.358	73.9953	301.249	0	53.2356	0	30.6442	0	186.575	345.454	26.2018	92.6727	485.319	60.5152	369.024	165.461	100.342	206.864	230.66	194.488	137.964	133.258	196.798	0	87.9016	364.427	212.34	379.337	46.6906	191.145	0	36.3133	0	0
ENST00000393820.2|ENSG00000181163.13|OTTHUMG00000130465.4|OTTHUMT00000372224.1|NPM1-203|NPM1|1598|protein_coding|	1598	1270.77	80.4092	0	58.3901	0	0	0	0	0	0	891.934	0	0	0	0	0	0	0	0	0	892.473	0	0	0	0	0	0	0	0	0	110.099	0	0	0	0	0	0	0	0	0	0	0	0	0	0	0	0	0	0	108.241	0	0	0	209.656	0	0	0	0	0	0	0	0	0	0	0	0	0	0	0	0	0	0	27.0885	0	0	0	0	167.063	0	0	0
ENST00000512805.6|ENSG00000204628.12|OTTHUMG00000163380.15|OTTHUMT00000372943.3|RACK1-227|RACK1|1140|protein_coding|	1140	812.766	506.663	1071.92	1741.67	3678.43	984.961	2210.51	859.04	1500.21	1747.4	3044.31	2492.17	1393.99	2116.84	1722.71	2615.64	963.861	1861.37	1113.77	2516.99	659.174	777.521	865.432	2516.41	864.256	1330.6	792.848	489.408	460.169	860.182	530.404	541.607	254.906	110.294	387.242	631.336	711.929	1387.11	615.341	1457.34	504.75	465.409	311.455	493.289	345.131	571.105	993.418	714.073	548.777	636.064	227.331	421.272	737.436	557.678	472.061	955.089	1101.07	269.82	498.78	1369.68	436.735	1388.77	708.276	662.248	1069.49	810.251	573.808	1092.6	555.621	575.874	1395.92	378.544	833.121	891.691	1929.79	1051.39	892.937	459.799	370.746	1918.17	434.766
ENST00000514455.5|ENSG00000204628.12|OTTHUMG00000163380.15|OTTHUMT00000373346.1|RACK1-233|RACK1|791|protein_coding|	791	467.569	101.258	0	20.1345	0	0	0	0	6.11879	1.29548	0.990254	9.39215	35.0046	0	0	0	9.39431	0	0	0	0	4.94466	0	125.503	0	0	0	0	2.26812	4.9365	24.7172	0	0	0	6.92555	0	0	0	0	0	6.72979	0	1.20796	0	8.42372	0	0	0	0	0	0	0	0	0	3.27274	0	0	0	0	0	1.12696	0	30.1254	0	1.19857	0	0	0	0.543447	0	25.2467	0	0	0	0	0.000785628	0	0	0	0	1.08364
ENST00000509148.1|ENSG00000204628.12|OTTHUMG00000163380.15|OTTHUMT00000373345.2|RACK1-221|RACK1|888|protein_coding|	888	562.945	0	0	145.337	0	0	0	0	0	0	0	0	0	0	0	0	3.19079	0	0	0	0	0	202.501	0	0	0	0	0	0	0	54.3843	0	0	0	0	23.803	0	164.998	0	0	0	0	0	0	34.0083	0	0	0	0	0	0	0	0	0	0	0	0	0	0	0	0	0	108.477	0	0	0	0	0	0	0	107.479	0	0	0	0	0	0	0	0	0	0
ENST00000502905.5|ENSG00000204628.12|OTTHUMG00000163380.15|OTTHUMT00000373355.1|RACK1-205|RACK1|643|protein_coding|	643	326.65	0	0	30.3172	0	0	0	0	0	0	0	0	0	0	0	110.966	0	0	0	0	0	0	0	22.126	0	54.0379	0	0	0	0	0	7.12389	0	0	0	0	0	0	0	5.10775	0	0	0	0	0	0	0	0	0	0	0	0	0	0	0	0	0	0	0	0	0	0	0	0	0	0	0	0	0	0	0	0	0	0	0	0	0	0	0	0	0
ENST00000511566.5|ENSG00000204628.12|OTTHUMG00000163380.15|OTTHUMT00000373357.1|RACK1-225|RACK1|825|protein_coding|	825	500.916	0	0	0	0	0	0	0	0	0	0	0	0	0	0	0	0	0	0	0	0	0	0	6.97555	0	0	0	0	0	0	0	0	0	0	0	0	0	0	0	0	0	0	0	0	0	5.67042	0	0	0	0	0	0	0	0	0	81.3473	0	5.38188	0	0	0	0	0	0	0	0	0	0	0	0	0	0	0	0	0	0	0	0	0	0	0
ENST00000504128.5|ENSG00000204628.12|OTTHUMG00000163380.15|OTTHUMT00000373297.2|RACK1-209|RACK1|990|protein_coding|	990	663.642	93.6406	0	0	0	0	0	0	0	0	0	0	0	0	0	0	0	0	0	0	0	0	0	0	2.20753	0	0	0	0	0	0	0	0	0	0	0	0	0	0	0	0	0	0	0	0	0	0	0	0	0	0	0	0	0	0	0	0	0	0	0	0	0	0	0	0	0	0	0	0	0	0	0	0	0	0	0	0	0	0	0	0
ENST00000502844.5|ENSG00000204628.12|OTTHUMG00000163380.15|OTTHUMT00000373304.3|RACK1-203|RACK1|1460|protein_coding|	1460	1132.77	0	0	0	4.10502	0	0	19.4742	0	0	3.12707	0	0	4.48466	0	0	0	0.480497	1.62375	0	1.54507	0	0	0	0	0	0	0	0	0	0	0	0	0	1.37566	0	0	0	3.51179	1.07095	0	0	0	0	0	0	0	0	1.74674	0	0	0	0	0	4.39798	0	0	0	0	2.91438	0	8.48898	0	0	0	0	0	1.42215	0	0	0.410769	0	0	0	0	6.32511	1.50189	0	0	0	0
ENST00000513027.3|ENSG00000204628.12|OTTHUMG00000163380.15|OTTHUMT00000373302.2|RACK1-229|RACK1|697|protein_coding|	697	377.028	0	2.95729	0	0	0	0	0	0	0	0	0	124.334	0	0	0	0	0	0	0	0	0	0	0	0	0	0	0	0	0	0	0	0	0	0	0	0	0	0	0	0	0	0	0	0	0	2.77115	0	0	0	0	0	0	0	0	0	0	0	0	0	15.7199	0	0	0	0	0	0	0	0	0	0	0	0	0	0	0	41.9412	0	0	0	0
ENST00000626067.1|ENSG00000204628.12|OTTHUMG00000163380.15|-|RACK1-235|RACK1|564|protein_coding|	564	256.69	18.4974	7.99214	89.7911	0	0	0	0	0	4.72912	0	0	0	0	0	62.9245	0	0	7.29715e-07	0	1.33272	0	0.532429	0	0	0	0	0	8.51234	0	0	0	0	0.00314791	0	0.814072	0	0	0.68713	0	0	0.00473572	0	0	0	0	0	0	0.00178731	0	0	0	0	0	0	0	0	0	4.29446	0	0	0	0	0	0	0	3.8814	1.03498e-06	0	0	0	0.052251	0	0	0	9.19779	0	0	0	0	0
ENST00000396634.5|ENSG00000206503.13|OTTHUMG00000130501.3|OTTHUMT00000252909.1|HLA-A-204|HLA-A|1868|protein_coding|	1868	1540.77	0	24.0993	0	64.4416	0	0	0	0	0	0	0	0	0	0	0	0	0	0	0	0	0	0	0	0	0	0	0	0	0	0	0	0	0	0	0	0	0	0	0	0	36.3412	0	4.60975	0	0	0	0	14.9761	10.6739	0	0	0	0	0	4.62218	0	0	0	0	0	0	0	0	0	0	0	0	0	0	0	0	0	0	0	0	0	0	0	0	0
ENST00000376806.9|ENSG00000206503.13|OTTHUMG00000130501.3|OTTHUMT00000252910.1|HLA-A-202|HLA-A|1854|protein_coding|	1854	1526.77	0	0.0252309	0	0.279819	0	0	0	0	0	0	0	0	0	0	0	0	0	0	0	0	0	0	0	0	0	32.2047	0	17.752	0	0	3.79365	0	46.4245	48.3026	0	17.7257	0	0	0	18.6809	36.2725	33.9389	0	35.6243	8.90471	0	21.443	47.6231	100.719	0	74.9401	8.74155	34.7022	0	81.2605	36.8813	31.5371	35.9421	64.5634	8.28182	14.9526	18.974	29.6197	1.09101	0	0	29.6331	23.1543	0	37.9699	0	0.000475043	32.7192	29.9001	39.978	20.6904	23.5082	0	0	25.9761
ENST00000376809.10|ENSG00000206503.13|OTTHUMG00000130501.3|OTTHUMT00000504354.2|HLA-A-203|HLA-A|1535|protein_coding|	1535	1207.77	734.371	977.568	1193.61	617.308	258.542	558.062	775.8	921.154	795.211	1727.04	1077.68	535.128	632.448	428.205	155.14	229.309	335.821	1735.93	0	596.181	247.212	812.953	1705.92	1427	511.051	484.067	148.63	515.424	431.487	148.816	138.048	0	481.491	451.308	583.391	312.908	190.408	690.629	399.087	83.6786	395.683	307.7	569.12	855.958	221.236	169.482	178.997	146.237	483.524	236.866	470.154	129.859	191.371	805.424	509.982	137.725	327.587	618.535	1189.46	172.048	593.945	524.722	448.135	631.658	10.4819	679.098	684.167	150.912	440.85	359.84	484.54	276.118	854.902	619.408	511.611	498.275	263.688	233.902	303.613	398.554
ENST00000638375.1|ENSG00000206503.13|OTTHUMG00000130501.3|-|HLA-A-209|HLA-A|975|protein_coding|	975	648.82	29.9147	0	0	0	31.5927	0	0	0	0	0	1.93508e-07	0	0	14.7414	17.4697	6.86987e-06	0	0	0	0	28.4723	3.68256	0	0	14.4891	0	0	0	0	2.91856e-07	0	4.76109	0	0	0	0	7.99879	0	0	0	0	0	0	0	0	0	0	0	0	0	0	0	0	0	0	0	0	0	0	0	0	0	0	0	2.10747	0	0	0	0	0	0	19.2764	0	16.5819	1.23794e-06	12.7971	0	0	0	0
ENST00000640615.1|ENSG00000234745.11|OTTHUMG00000031153.7|-|HLA-B-258|HLA-B|240|protein_coding|	240	66.4709	2.08058	0	8.13126	0	0	3.22126	3.42969	4.28837	0	0	0	0	0	0	0	0	0	0	0	0	0	0	0	18.474	0	0	0	0	0	0	0	2.43164	6.3959	29.3705	0	14.5717	0	8.04284	18.0844	0	0	8.65605	0	0	5.13843	0	1.07927	11.0839	0	14.7902	4.52376	9.28462	14.3	3.72209	0	9.44092	0	0.000706613	22.5959	5.60324	0	0	0	0	0	0	15.8789	4.10682	0	0	10.103	0	1.26483e-05	1.59874	5.52677	0	20.1936	0.66193	0	4.19565
ENST00000412585.7|ENSG00000234745.11|OTTHUMG00000031153.7|OTTHUMT00000076280.5|HLA-B-249|HLA-B|1536|protein_coding|	1536	1208.77	2106.21	1330.35	2315.96	19.5318	459.042	1375.59	1601.93	851.46	1075.08	2133.9	5702.19	1746.55	1629.29	1624.81	1384.19	2672.63	962.517	2260.92	3138.48	1806.16	1372.56	585.662	1658.06	1488.73	1889.28	2116.54	1036.78	792.613	962.543	448.826	211.377	1249.19	789.734	955.937	1117.25	630.437	1083.62	1183.94	590.903	719.12	1379.08	668.37	1254.97	1357.03	307.254	1071.24	690.691	157.445	659.848	359.467	1210.31	410.638	1300.03	773.185	805.333	1120.22	234.311	709.683	1534.77	622.243	2675.24	2437.21	1554.02	1304.44	728.141	983.134	1288.72	1119.81	1852.27	832.871	260.571	867.045	1010.51	732.647	879.129	1034.6	1211.35	1005.69	2012.86	310.762
ENST00000639848.1|ENSG00000234745.11|OTTHUMG00000031153.7|-|HLA-B-256|HLA-B|1089|protein_coding|	1089	761.766	0	0	0	265.654	0	0	0	0	0	0	72.0233	0	0	0	0	50.1582	6.74532	0	0	6.77838	0	0	0	0	0	4.48372	0	0	0	0	0	0	0	0	0	0	0	0	0	0	0	0	0	0	0	0	0	0	0	0	0	0	0	0	0	0	0	0	0	0	0	0	0	0	0	0	0	0	0	0	0	0	0	0	0	0	0	0	0	0
ENST00000640094.1|ENSG00000234745.11|OTTHUMG00000031153.7|-|HLA-B-257|HLA-B|147|protein_coding|	147	44.5791	1.59604	18.5024	7.65064	6.94128	1.48841	22.4492	5.26467	3.29899	2.42535	10.2597	9.87906	22.273	10.4335	4.32649	1.98699	7.74571	1.62486	8.21029	0	1.25925	27.1885	4.57138	9.16847	0	3.29203	0	0	0	0	0	0	0	0	0	0	0	24.1119	0	0	0	0	0	0	0	0	0	0	0	0	0	0	0	3.08466	0	0	0	0	0	0	1.71216	6.97206	0	0	5.86477	0	0	0	0	0	2.50029	0	1.89677	0	0	0	4.27244	1.84394	3.90292	0	0
ENST00000434333.1|ENSG00000234745.11|OTTHUMG00000031153.7|OTTHUMT00000258072.2|HLA-B-250|HLA-B|863|protein_coding|	863	538.297	0	0	0	0	0	0	0	0	0	0	23.4514	0	0	0	0	0	0	2.79584	62.0554	0	0	20.9577	2.91592	0	0	0	0	0	0	1.20494	0	0	0	0	5.23798	2.49658	0	0	0	0	0	0	0	0	0	0	0	0	0	0	0	0	0	0	14.1727	0	0	3.0784	0	0	0	13.3539	0	0	2.53944	0	0	0	0	0	0	0	15.2591	0	0	0	0	2.2822	13.999	0
ENST00000374982.5|ENSG00000204287.14|OTTHUMG00000031269.4|OTTHUMT00000076587.3|HLA-DRA-201|HLA-DRA|1169|protein_coding|	1169	841.766	71.0865	167.788	191.945	106.529	113.373	98.9053	46.8551	336.869	11.4478	177.431	592.855	266.014	95.5236	469.66	311.462	110.485	84.063	89.4458	0	212.229	113.12	233.559	210.411	296.644	53.6656	282.477	149.648	78.1999	52.0223	240.935	44.8509	146.233	58.6523	12.2602	30.7286	37.1746	396.361	23.4883	99.6378	77.6467	33.1523	0	24.235	73.243	8.34088	95.5567	96.4202	0	55.9819	55.8813	85.1411	171.845	86.5427	0	107.465	121.276	0	14.223	62.9031	86.9544	93.531	121.476	22.3726	286.582	51.7918	129.059	51.884	78.1479	93.0379	81.6075	41.5378	215.258	196.833	379.205	75.0953	206.188	104.684	183.95	94.1955	51.067
ENST00000395388.7|ENSG00000204287.14|OTTHUMG00000031269.4|OTTHUMT00000076586.3|HLA-DRA-202|HLA-DRA|1235|protein_coding|	1235	907.766	1077.91	3397.21	7225.05	2577.47	3076.63	3478.09	722.145	4630.13	6267.55	1824.57	3010.14	4883.99	3516.48	2401.34	3464.54	4107.51	4399.94	4371.55	8482	2794.77	2545.88	2407.44	4615.59	4982.36	3142.33	2419.52	1746.35	2157.8	2159.98	1856.06	819.149	1667.77	2904.35	1448.74	1104.27	1452.83	6641.64	2820.51	3373.36	1726.35	1687.85	1979	1681.77	1586.76	798.659	2454.44	1521.58	1136	2622.02	687.119	2585.86	1137.15	3169.46	445	2004.54	4227.72	0	2875.78	6899.1	2431.05	5750.47	2249.52	2090.63	5361.42	3591.21	2654.94	3629.12	1287.85	2064.96	2994.39	1896.46	3028.74	3965.17	4755.8	2288.9	3034.81	2297.32	2898.05	1843.8	1871.93
ENST00000419277.5|ENSG00000231389.7|OTTHUMG00000031058.7|OTTHUMT00000076071.3|HLA-DPA1-242|HLA-DPA1|1704|protein_coding|	1704	1376.77	1006.25	1747.88	3059.62	1374.48	1170.62	362.98	872.601	1844.11	1665.9	3496.22	4059.02	1333.29	1370.85	641	421.203	1992.1	702	331.994	3341.04	1291.22	814.677	512.525	1711.61	869.583	369.864	1320.98	720.991	893.151	1606.15	954.994	478.515	349.495	510.17	258.238	769.8	734.627	2294.78	1147.05	1427.9	1148.37	619.921	291.28	606.384	509.86	470.649	417.034	834.004	585.069	801.428	306.462	1362.06	353.328	664.514	659.802	1047.96	1326.33	0	1699.41	2354.8	1130.41	1520.36	1454.58	1740.66	2000.16	966.786	1542.41	1604.49	1331.65	888.78	1373.1	263.759	1402.13	1308.22	2120.52	924.197	1376.26	418.665	732.986	877.191	880.672
ENST00000437811.1|ENSG00000231389.7|OTTHUMG00000031058.7|OTTHUMT00000276607.1|HLA-DPA1-243|HLA-DPA1|1375|protein_coding|	1375	1047.77	20.8804	0	654.072	0	0	503.723	115.274	103.845	0	0	114.26	273.34	0	0	0	0	0	225.416	0	0	0	0	540.079	93.2618	161.158	0	0	0	0	0	0	0	0	0	0	0	0	27.8199	25.7003	247.653	0	0	0	0	0	165.053	144.858	0	0	0	0	0	0	115.826	0	0	0	0	0	0	0	0	205.904	8.24974	0	108.614	0	0	161.687	149.855	0	0	0	124.06	78.4826	0	0	165.853	0	0
ENST00000453337.1|ENSG00000231389.7|OTTHUMG00000031058.7|OTTHUMT00000076072.5|HLA-DPA1-244|HLA-DPA1|918|protein_coding|	918	592.535	81.2403	37.8308	483.542	13.6316	0	87.709	144.608	68.9258	2.01586	15.2262	5.73726e-05	0	0.404251	0	20.6966	74.7193	0	74.1407	0	0	31.5658	36.6575	0	170.719	89.65	4.08338	1.17638e-06	0	5.69402e-08	1.8277e-06	0.0149934	27.1272	0	0.000112848	0.0628865	6.7574	0	49.1087	1.20898e-07	2.05966e-08	0	0.576821	0	0	25.698	51.7817	49.0254	89.6802	1.44632e-05	5.75221	0	32.7802	4.77704	1.16343	0	0	0	0	0	39.9244	0	34.3512	82.8175	0.0211615	0	0	0	0	46.6998	39.9937	28.3681	0	1.63739e-08	0	21.4345	0	6.30183e-07	0	0	10.1668
ENST00000418931.7|ENSG00000223865.11|OTTHUMG00000031076.7|OTTHUMT00000076106.3|HLA-DPB1-211|HLA-DPB1|3991|protein_coding|	3991	3663.77	156.66	202.334	643.507	390.041	422.516	193.224	165.78	714.46	228.301	138.567	498.525	166.126	274.376	219.738	379.514	264.128	162.703	247.933	1.40766	123.258	161.696	219.073	585.08	510.308	341.332	62.2345	232.506	146.652	303.251	163.059	128.21	73.9584	247.109	60.3497	110.798	28.0465	530.833	354.732	211.689	124.974	92.798	224.981	216.578	218.38	127.898	85.5734	138.868	287.053	274.79	274.669	149.168	219.567	162.401	327.089	302.723	359.107	10.0938	250.868	545.281	192.12	550.433	195.277	179.219	542.709	55.4089	399.95	430.854	140.022	449.033	302.742	173.672	161.657	275.081	404.979	443.173	382.471	135.721	311.636	158.407	208.566
ENST00000428835.5|ENSG00000223865.11|OTTHUMG00000031076.7|OTTHUMT00000076108.6|HLA-DPB1-212|HLA-DPB1|688|protein_coding|	688	368.514	198.414	279.761	855.706	467.229	275.707	131.792	138.81	984.426	163.582	179.563	725.408	260.905	298.237	344.605	476.438	320.651	238.443	246.8	39.3415	108.714	252.071	337.002	644.424	539.944	496.241	74.8807	218.163	137.535	384.05	164.425	153.084	81.5377	322.228	54.8023	165.524	37.5215	554.45	178.949	234.355	169.381	128.594	240.127	223.173	65.1203	125.811	120.651	184.408	379.128	294.74	380.323	154.082	191.145	210.642	376.335	221.89	348.624	3.32594	133.977	638.731	221.718	617.863	186.578	214.282	380.885	82.2693	459.033	461.254	207.025	383.532	302.351	195.395	193.635	259.212	483.5	387.138	323.058	175.476	177.769	171.277	140.369
ENST00000416804.1|ENSG00000223865.11|OTTHUMG00000031076.7|OTTHUMT00000076104.2|HLA-DPB1-210|HLA-DPB1|1361|protein_coding|	1361	1033.77	65.7394	115.463	546.441	235.828	264.882	253.336	167.027	568.991	249.815	77.4686	423.572	82.6796	285.033	220.46	434.832	146.539	85.8187	157.446	9.21111	133.908	99.9923	150.802	493.744	368.756	265.736	2.63199	194.899	138.704	271.907	176.621	113.918	10.2905	338.203	75.6994	79.145	9.16649	350.397	272.608	138.439	146.547	151.163	117.739	202.282	152.867	133.438	110.902	123.103	243.603	140.991	201.943	111.684	204.399	123.647	220.742	215.958	422.052	10.6952	331.869	538.709	206.344	576.387	169.563	154.573	148.015	40.6123	372.885	351.812	113.267	389.711	261.809	74.1739	132.711	235.631	335.477	682.93	352.614	70.255	136.39	177.938	225.853
ENST00000474973.5|ENSG00000231500.7|OTTHUMG00000031053.4|OTTHUMT00000076058.3|RPS18-233|RPS18|589|protein_coding|	589	278.137	0	0	0	0	0	0	0	11.245	3.83264	3.66309	0	0	0	0	3.75446	0	4.36322	0	0	0	0	0	0	0	0	0	0	0	0	0	0	0	8.3049	4.29524	0	0	0	0	45.4517	0	0	0	0	35.21	0	0	0	0	0	0	0	0	0	0	0	0	0	0	3.96993	0	0	0	0	0	0	0	0	0	0	54.9333	0	0	0	0	5.35995	0	0	0	0	0
ENST00000439602.7|ENSG00000231500.7|OTTHUMG00000031053.4|OTTHUMT00000076059.3|RPS18-230|RPS18|549|protein_coding|	549	244.086	1052	680.736	295.373	1292.71	208	712.137	782.969	1713.71	1123.51	834.337	2404.98	695	862.001	1159.89	1436.11	182.996	348.637	1006.84	0	177	818.286	245.846	932	1293.77	775.973	587.319	634.998	117	547.435	815	207.601	416.858	885.981	705.553	927.855	519.886	377	792.565	955.534	265	164.038	170	716.858	452.66	462.884	666.419	133.621	309	443	235.831	311.24	340	309.571	485.169	364	370.097	216.667	100	1236.42	170.703	801.841	148.751	459	759.104	263	373.211	557.873	254.555	252	920.062	230.988	800.807	341	250.989	608.475	278.112	201	522	854.088	496
ENST00000316292.13|ENSG00000156508.18|OTTHUMG00000015031.7|OTTHUMT00000041210.2|EEF1A1-202|EEF1A1|4441|protein_coding|	4441	4113.77	0	296.875	0	160.531	0	0	0	0	0	0	0	0	0	0	0	0	1.68284	0	0	93.2994	0	0	0	0	43.3006	1.71641	0	0	0	0	18.3766	0	0	0	0	0	0	0	1.63902	6.80763	0	0	0	0	0	0	0	0	0	0	0	0	0	2.24299	0	0	0	0	0	0	0	1.66677	73.7241	0	74.6794	0	0	0	72.5267	1.67356	0	0	0	1.76179	0	0	0	0	0	0
ENST00000309268.11|ENSG00000156508.18|OTTHUMG00000015031.7|OTTHUMT00000128718.2|EEF1A1-201|EEF1A1|3512|protein_coding|	3512	3184.77	571.31	1148.99	588.321	478.09	319.212	657.936	329.575	1007.63	640.199	961.992	769.979	1986.1	560.233	526.107	728.809	378.54	562.235	638.63	982.043	173.246	1004.88	467.599	642.468	905.899	406.822	1021.28	307.161	159.32	919.368	382.321	215.649	270.346	552.423	97.2952	388.693	693.97	474.435	662.478	516.981	357.254	372.849	343.661	366	427.22	306.651	569.378	296.734	140.802	199.995	149.841	335.404	172.989	371.73	322.947	536.587	465.388	230.712	251.662	574.284	183.61	671.403	689.492	615.28	504.221	472.06	414.907	541.073	219.456	404.717	775.791	94.0086	424.465	516.188	848.516	411.667	583.377	461.184	301.185	475.105	490.237
ENST00000615060.4|ENSG00000156508.18|OTTHUMG00000015031.7|-|EEF1A1-211|EEF1A1|3508|protein_coding|	3508	3180.77	0	0	0	24.0014	23.0521	11.7007	0	33.3603	33.1942	11.1797	0	0	11.6088	0	0	10.6475	12.9544	0	24.0434	34.7931	114.709	68.1113	0	11.1288	11.2393	11.7502	0	45.0801	0	11.3885	0	0	0	10.3092	23.1021	0	32.2224	0	0	11.428	0	0	0	0	36.3506	0	0	0	73.6561	0	12.3188	0	0	0	0	0	0	11.4368	0	0	11.0851	11.7971	0	11.6993	85.8356	0	0	0	0	0	0	11.8196	11.6781	11.9794	11.5698	144.053	10.9662	0	0	11.2285
ENST00000610520.4|ENSG00000156508.18|OTTHUMG00000015031.7|-|EEF1A1-210|EEF1A1|3447|protein_coding|	3447	3119.77	21.4641	13.2291	32.5261	8.18035	0	11.5337	0	0	10.406	55.6527	22.3032	0	11.5418	24.861	0	0	25.9152	0	0	0	19.3794	10.7068	9.45296	10.4278	0	0	0	0	0	0	0	0	0	0	0	23.8753	7.30037	0	7.012	0	9.45115	0	8.93278	0	0	21.5306	10.4866	0	22.0697	0	0	0	0	7.95007	22.4409	0	16.8917	0	9.49243	0	12.8916	0	0	9.2164	8.73234	0	0	0	17.6675	17.8918	0	0	0	39.8729	30.9603	11.7229	10.3382	0	7.76013	0
ENST00000331523.6|ENSG00000156508.18|OTTHUMG00000015031.7|OTTHUMT00000128713.2|EEF1A1-203|EEF1A1|1923|protein_coding|	1923	1595.77	7450.89	12858.9	7619.68	6472.55	4413.94	10065.2	4972.13	14322.1	10556.7	14170.8	11507.1	10280	7704.72	6957.44	10614.5	6837.83	8158.66	8559.16	17513.1	3882.44	14203.4	6563.98	9843.88	12064.4	4499.08	12012.8	4377.14	2496.32	5452.22	4060.22	2050.18	3295.94	6374.37	2075.26	4150.22	9682.4	7712.96	9944.71	6649.11	3974.77	5365.65	4234.73	4767.19	5492.68	2670.26	7134.3	3245.14	2239.69	3116.98	1603.01	4813.78	2454.25	4608.54	2724.15	7321.58	5160.6	2268.44	3848.64	7027.79	2320.71	10075.9	10145.1	7492.41	8290.98	7320.33	5107.28	8313.88	3690.81	4904.53	9322.44	1857.29	6174.49	6773.69	10278.2	7739.64	6383.97	7399.13	3886.75	6557.44	6244.25
ENST00000356303.6|ENSG00000156508.18|OTTHUMG00000015031.7|OTTHUMT00000132694.2|EEF1A1-204|EEF1A1|635|protein_coding|	635	319.298	0	0	6.40702	0	0	0	0	2.07088	0	11.3717	0	0	0	2.91939	0	0	0	0	0	8.49831	0	0	0	0	0	0	0	0	0	0	0	0	9.26938	0	0	0	6.33253	0	0	0	0	0	4.42047	0	2.8286	19.4344	2.41553	0	0	0	0	0	0	0	0	4.72936	0	0	0	0	0	0	0	0	0	0	0	0	0	0	0	0	0	0	0	0	0	2.55826	0	0
ENST00000337147.11|ENSG00000092820.18|OTTHUMG00000015917.2|OTTHUMT00000042879.1|EZR-201|EZR|3068|protein_coding|	3068	2740.77	267.003	865.348	451.386	546.981	0	0	944.17	982.575	436.529	0	0	1129.37	20.1176	0	727.55	0	0	596.269	1679.43	387.274	607.737	787.905	71.6321	59.7924	1216.18	3.80488e-05	211.014	0	170.734	0	0	0	4.78201e-08	0	1.21663e-05	0	39.4099	0	152.712	0	0	0	445.712	0	0	0	212.638	1.738e-05	0	0	0	0	0	0	0	0	3.73052e-07	0	0	72.5019	0	200.485	108.166	0	0	181.98	2.93612e-07	0	487.382	0	184.024	0	187.207	330.7	0	0	0	0	0	0.000120502
ENST00000392177.8|ENSG00000092820.18|OTTHUMG00000015917.2|-|EZR-203|EZR|2933|protein_coding|	2933	2605.77	0	1.20175	0	0.0193595	1124	5.11741e-06	0.000747942	193.396	0.0536656	0	335.562	0.609261	8.17726e-07	207	0.114026	297.548	354.431	248.193	0.000213622	0	0.000387228	1.20442e-08	313.378	0	186.166	46.7693	0.00894223	1.03472e-05	3.00687	121.628	0	80	0.102617	32	0.00115956	295.444	7.35107	0	111.591	0	30.933	0	130.287	5.01361e-06	0	71.9453	20.865	80.0144	0	0	0	4.76368e-07	0	0	23.5315	103.961	3.8076e-05	0	1	0.0115397	63	23.3996	0	0	0	11.0203	343.012	0	358.618	0	38.9759	0	8.49455e-06	3.53176	0	101	0.00471887	7.21055e-06	7.3108e-05	184.366
ENST00000367075.4|ENSG00000092820.18|OTTHUMG00000015917.2|OTTHUMT00000042878.2|EZR-202|EZR|3052|protein_coding|	3052	2724.77	99.9622	1761.91	590.614	0	0	849	0	1.4142	497.418	1150	1275.44	2060.25	1820.74	0	1931.58	115.452	118.569	894.537	6.85523e-07	0	186.189	532.624	2421.99	471.922	270.282	483.231	302.977	327.204	65.7772	151.774	0	0	205.897	0	106.379	108.599	122.239	0	144.697	333.722	225.78	0	0.00129265	165.049	0	229.055	281.497	207.976	0	41.8172	310.132	222.999	0	0	887.205	617.039	123	0	0	271.487	0	226.731	123.221	266.325	0	0	302.904	283.996	0	299	0	0	635.358	108.768	0	0	356.995	541.224	347	229.634
ENST00000646664.1|ENSG00000075624.16|OTTHUMG00000023268.12|OTTHUMT00000495815.2|ACTB-217|ACTB|1812|protein_coding|	1812	1484.77	1645.64	2279.67	12486.5	1614.72	407.13	8.43708	1322.76	2251.44	1052.23	1378.17	2690.19	171.035	587.183	1505.02	713.925	0	499.038	449.759	831.529	1084.11	1565.44	1349	2467.44	146.733	352.47	1871.08	1820.92	619.229	2052.25	676.034	475.041	238.554	659.524	1375.93	1034.47	1403.56	2109.47	1275.75	3671.82	1075.28	1531.6	1309.89	1287.75	4623.65	521.029	1427.28	1225.69	1474.14	960.212	1128.93	864.993	1091.57	2150.87	1582.97	1380.25	415.522	246.47	933.139	2514.1	1123.12	811.495	1054.08	1236.96	1675.55	1263.85	1124.91	941.769	1667.83	960.67	2512.85	606.131	2076.5	1201.36	7238.74	2148.01	713.085	471.604	1305.16	1947.73	1059.45
ENST00000493945.6|ENSG00000075624.16|OTTHUMG00000023268.12|OTTHUMT00000324023.3|ACTB-212|ACTB|1495|protein_coding|	1495	1167.77	259.362	152.41	3058.53	431.465	22.2371	0	201.589	460.068	611.657	297.394	192.481	147.858	260.813	604.284	401.856	27.8317	326.32	0	610.321	257.56	457.332	526.821	609.619	207.506	25.5247	296.464	12.1068	172.2	231.761	118.902	27.9286	43.4137	57.0452	4.90917	36.6767	176.815	174.868	0.00710601	623.657	368.199	1.06639	229.184	211.09	1015.99	9.79045	335.008	63.1283	264.184	42.891	103.324	255.226	104.132	278.393	194.032	318.801	142.521	73.5304	125.397	2.70019	111.872	229.139	273.713	191.583	225.759	67.3749	257.993	296.763	446.77	121.816	432.406	188.212	298.5	139.831	1152.15	408.444	375.981	237.273	156.649	211.311	356.476
ENST00000645576.1|ENSG00000075624.16|OTTHUMG00000023268.12|OTTHUMT00000495152.1|ACTB-215|ACTB|1009|protein_coding|	1009	681.766	0	0	0	0	0	0	0	0	0	0	0	0	0	0	0	6.87062	0	0	41.5005	0	0	74.7804	0	0.351878	0	0	0	0	0	0	0	0	0	0	0	0	0	0	0	0	0	0	0	0	0	0	32.1354	0	0	0	0	0	0	0	0	0	0	0	0	0	0	0	0	0	0	0	0	0	0	0	0	0	0	0	0	0	0	0	0	0
ENST00000432588.5|ENSG00000075624.16|OTTHUMG00000023268.12|OTTHUMT00000324026.2|ACTB-204|ACTB|568|protein_coding|	568	260.124	0	0	15.5849	0	0	0	7.02493	0	0	0	0	0	0	0	0	0	0	0	112.223	0	5.87344	0	0	0	0	0	0	0	0	0	0	0	3.73356	0	0	0	0	1.72872e-07	0	0	0	0	0	0	0	0	0	0	0	0	11.3407	0	0	0	0	0	0	0	0	0	4.18517	0	0	0	0	0	0	0	0	0	0	0	0	0	0	0	0	0	36.8892	0
ENST00000352983.7|ENSG00000147604.14|OTTHUMG00000134312.5|OTTHUMT00000259287.2|RPL7-201|RPL7|1233|protein_coding|	1233	905.766	1072.12	491.952	485.992	565.377	120.23	650.523	163.443	1024.32	760.238	1189.72	1022.45	975.821	478.604	1171.2	843.57	689.504	780.272	232.469	3171.59	372.755	493.535	292.785	1395.32	515.456	1172.55	317.661	688.995	103.12	117.138	230.93	190.73	225.315	265.772	222.088	481.864	364.415	926.709	825.292	562.788	415.612	267.391	236.79	287.635	233.432	106.632	500.216	126.202	119.289	323.798	270.775	183.229	79.9072	405.319	216.815	389.835	551.98	215.411	230.924	744.74	227.482	499.957	850.805	363.636	651.917	498.023	364.928	149.943	367.115	555.864	634.959	89.0582	718.027	337.357	340.443	531.354	331.504	133.387	236.117	561.913	612.908
ENST00000396467.5|ENSG00000147604.14|OTTHUMG00000134312.5|OTTHUMT00000259288.2|RPL7-204|RPL7|1526|protein_coding|	1526	1198.77	0	0	1.88385	0	0	0	0	0	1.82359	0	0	0	0	0	0	1.85221	0	0	0	0	0	0	0	36.6487	0	0	0	0	0	0	0	0	0	0	0	0	0	0	0	0	0	47.6008	0	0	0	0	0	61.8457	0	0	0	0	1.85736	0	0	5.4449	0	0	1.85478	0	0	1.83991	0	0	0	0	0	1.75586	0	0	0	0	0	0	0	0	0	0	1.81777	0
ENST00000396466.5|ENSG00000147604.14|OTTHUMG00000134312.5|OTTHUMT00000259290.1|RPL7-203|RPL7|762|protein_coding|	762	439.455	1059.81	535.969	646.078	467.202	123.77	589.558	162.125	1070.34	714.305	950.255	812.374	958.521	511.295	1227.67	674.638	820.424	919.697	229.745	2899.13	280.734	599.015	241.202	1227.66	556.662	1071.97	385.339	755.364	91.8796	141.548	192.07	217.848	171.685	329.074	273.91	533.018	263.574	756.291	894.997	565.339	339.386	257.609	169.898	320.365	257.528	122.935	656.318	71.7981	107.483	270.769	214.731	156.568	195.093	458.824	184.185	391.165	471.57	219.596	240.905	1014.95	298.477	611.545	713.174	367.041	587.401	330.174	287.639	135.646	309.889	567.135	645.647	110.922	746.328	290.584	364.557	480.262	282.156	216.606	189.883	475.053	714.997
ENST00000435330.5|ENSG00000147604.14|OTTHUMG00000134312.5|OTTHUMT00000259292.2|RPL7-206|RPL7|445|protein_coding|	445	163.751	0	0	0	0	0	0	22.067	0	0	0	0	0	0	0	0	0	0	0	0	0	0	0	0	22.8621	0	0	0	0	0	0	2.8198	0	0	0	0	0	0	0	0	0	0	6.36592	0	0	0	23.2353	0	24.1527	0	0	0	0	0	0	0	0	0	0	0	0	0	0	0	0	0	0	0	0	0	0	0	0	0	0	0	0	0	0	0	0
ENST00000431653.1|ENSG00000147604.14|OTTHUMG00000134312.5|OTTHUMT00000259291.2|RPL7-205|RPL7|563|protein_coding|	563	255.849	0	0	0	0	0	0	0	0	0	0	0	0	1.46003	0	0	0	0	0	0	0	0	0	0	39.502	0	0	0	0	0	0	7.47506	0	0	0	0	0	0	0	1.40241	0	0	44.7152	0	0	0	35.0808	0	25.2607	0	0	0	0	0	0	0	0	0	0	0	0	0	0	0	0	0	0	0	0	0	0	0	0	0	0	1.32104	0	0	0	0	0
ENST00000520868.5|ENSG00000070756.16|OTTHUMG00000164779.4|OTTHUMT00000380216.1|PABPC1-216|PABPC1|971|protein_coding|	971	644.902	104.248	59.0118	84.5795	79.6	2.88304	0	0	92.3474	97.7533	2.13749	16.4037	48.3555	0	0	142.641	10.0487	7.14758	138.122	0	64.153	12.1715	22.2605	116.071	0	22.679	91.528	182.429	0.870825	94.9978	43.0297	86.2935	0	117.933	161.551	214.022	101.265	195.247	46.9115	119.838	153.405	199.574	162.795	156.584	169.69	79.7271	198.727	39.7897	76.0232	11.5945	125.017	91.2073	60.6086	58.793	2.40211	252.173	71.6183	16.9459	185.197	473.632	66.4066	241.14	97.9413	298.4	302.088	0	280.234	243.458	155.445	74.8068	207.865	23.6127	121	207.655	424.948	121.87	128.198	323.715	109.041	202.086	102.548
ENST00000318607.10|ENSG00000070756.16|OTTHUMG00000164779.4|OTTHUMT00000380217.2|PABPC1-201|PABPC1|2861|protein_coding|	2861	2533.77	12.8002	0	38.5296	124.01	0	0	26.3768	12.0907	0	30.6816	331.178	0	0	294.906	42.7646	275.469	0	32.3381	114.054	7.8589	5.53963	37.7797	0	249.317	34.5335	75.7204	18.9724	0	45.1616	0	25.3341	0	19.5996	6.72574	31.703	0	20.9784	4.96153	8.30361	10.9489	6.54723	15.5629	19.2527	42.9209	0	57.1173	0	32.124	26.2539	0	0	47.4646	0	14.5271	182.883	17.7885	41.5785	5.46789	6.04636	19.4764	44.1451	0	36.6509	166.446	168.086	86.4571	61.1023	25.2768	14.7017	29.3023	0	23.6819	16.9015	66.1095	53.8058	42.0303	0	0	65.0277	127.089
ENST00000519004.5|ENSG00000070756.16|OTTHUMG00000164779.4|OTTHUMT00000380218.1|PABPC1-208|PABPC1|2401|protein_coding|	2401	2073.77	22.9257	0	284.738	86.4741	0	0	56.4105	67.7723	69.7892	34.3345	379.445	51.3466	0	290.193	37.6894	368.04	80.7905	66.7813	132.963	46.091	25.2922	10.6388	27.7449	277.328	629.397	66.5319	58.3612	29.5404	81.9863	29.9509	210.15	329.446	1.21674	0.159253	134.5	0	30.7088	0	127.273	21.152	0	28.0789	15.7751	218.126	32.4289	224.059	24.9057	28.9702	4.40085	36.9708	18.89	255.241	30.5758	0	82.9993	43.7577	79.7321	0	63.1963	0	11.2165	22.97	77.0313	308.998	79.613	17.8014	78.8756	66.686	36.3223	246.082	258.203	103.575	39.4737	25.1744	18.8168	183.168	52.535	56.4377	8.9747e-06	105.594
ENST00000522387.5|ENSG00000070756.16|OTTHUMG00000164779.4|OTTHUMT00000380219.1|PABPC1-219|PABPC1|2331|protein_coding|	2331	2003.77	5.39449	9.81294	0	0	0	0	11.3933	17.443	0	0	91.8704	46.4323	16.6795	0	0.00386775	13.0409	0	0	0	0	38.3686	17.8722	15.0212	43.2042	0	0	0	0	29.9733	0	0	26.0016	10.7539	0	7.56936	159.916	43.6524	5.93645	18.3346	0	33.9264	0	44.3806	0	0	1.83998e-08	0	0	0	0	13.3823	0	2.0275e-05	0	0	0	0	10.0426	3.19959e-06	3.75977	0	6.44693	143.153	76.3405	366.064	4.98641	0	8.52574	6.25642	208.161	9.54635	18.9907	11.2337	0	0.0113241	30.0013	21.8935	0	29.4005	0
ENST00000517990.5|ENSG00000070756.16|OTTHUMG00000164779.4|OTTHUMT00000380221.1|PABPC1-204|PABPC1|487|protein_coding|	487	194.198	160.013	117.45	254.392	78.3955	11.117	53.0657	66.2865	76.9082	324.509	10.2679	195.51	445.99	155.028	188.85	421.995	196.54	103.734	268.106	17.2483	86.9075	120.277	38.7891	213.684	274.915	368.344	14.6095	124.864	72.5794	129.718	72.9435	63.3142	39.9428	93.4965	79.2436	139.64	130.521	108.525	118.432	129.25	170.591	118.784	52.1893	111.435	208.984	83.7232	224.104	43.0692	81.1114	22.4617	47.4048	73.8286	92.1245	99.3634	18.8882	169.944	109.147	58.9722	195.65	248.596	77.4942	71.3197	71.5267	260.597	222.226	168.48	108.892	118.336	176.012	112.985	423.809	121.812	183.872	83.8073	314.851	177.749	207.707	209.829	65.433	167.413	71.1536
ENST00000522658.5|ENSG00000070756.16|OTTHUMG00000164779.4|OTTHUMT00000380222.1|PABPC1-220|PABPC1|736|protein_coding|	736	414.241	145.49	123.188	189.403	0	0	66.4684	60.8756	38.1923	63.8465	0	72.0731	187.573	126.389	82.1164	158.503	42.811	76.4993	135.899	0	0	178.447	14.9174	63.9354	163.363	186.975	0	4.37386	58.3686	49.1634	0	0	11.6638	0	0	96.3475	7.86133	11.3358	51.3598	0	33.6447	0	0	4.32089	10.4908	27.9907	0	32.0861	24.7031	13.6304	0	2.69184	15.2637	21.5697	17.0849	0	14.2916	36.7713	0	0	0	0	0	38.7622	0	19.648	0	0	1.04974	5.00771	134.84	17.5677	65.2402	0	0	28.0946	0.000226004	0	0.872472	0	0
ENST00000610907.1|ENSG00000070756.16|OTTHUMG00000164779.4|-|PABPC1-224|PABPC1|1569|protein_coding|	1569	1241.77	0	0	0	0	0	0	0	0	0	0	0	0	0	16.1131	0	1.66889e-06	24.6199	0	86.1039	10.5146	0	0	0	0	0	0	0	0	0	0	0	49.9429	0	0	0	0	0	0	0	0	0	0	0	9.68636	0	0.000215622	0	0	0	0	0	5.33938	0	11.4789	0	0	0	0	0	0	0	0.148656	0	0	93.3563	0	0	0	0	0	0.000120667	0	0	0	0	0	0	0	0	0
ENST00000517403.5|ENSG00000070756.16|OTTHUMG00000164779.4|OTTHUMT00000380224.1|PABPC1-202|PABPC1|560|protein_coding|	560	253.334	20.3453	0	3.08412	0	0	0	8.76977	0	0	0	0	0	0	0	0	16.3273	0	0	0	1.09034	13.8622	0	0	38.1356	0	1.88124	0	0.429224	0	0	0	0	0	0	0	0	13.5508	2.61101	0	0	0	0	0	0	2.88326	0	0	6.62388	0	0	0	0	0	0	0	0	0	1.52591	0	0	0.636015	0	17.5111	0	0	0	0	0	0	31.63	0	4.51817	0.117706	0	0	4.34574	0	0	0	0
ENST00000519100.5|ENSG00000070756.16|OTTHUMG00000164779.4|OTTHUMT00000380228.1|PABPC1-209|PABPC1|851|protein_coding|	851	526.499	0	0	0	0	0	21.8938	0	0.00271569	0	7.75182	9.26981	0	0	0.000884981	0	22.3288	6.39754	1.68755	4.63162	8.38347	0	0	0	0	6.04614e-06	0	0	0	0	0	2.59943	0	0	0	0	0	0	2.1919	0	0	0	7.76914	3.12566	3.10092	0	0	0	6.69223	0	0	0	0	0	0	0	0	0	0	0	0	0	0	6.59605	0	0.0773208	0	11.5807	0	22.7921	0	0	0	6.69112	0	0	0	0	0	0	0
ENST00000395958.6|ENSG00000164924.18|OTTHUMG00000134291.9|OTTHUMT00000504474.2|YWHAZ-207|YWHAZ|5011|protein_coding|	5011	4683.77	0	4.03857	0	0	0	3.62348	0	0	0.000206113	0	0	0	0	13.5868	0	15.515	0	0	0	6.53265	0	0	0	15.6161	0	0	0	0	0	13.8071	0	0	0	1.80317	0	0	50.6599	0	0	0	8.95073	0	0	0	0	51.9401	0	0	7.76236	0	7.16416	0	0	0	0	0	3.3762	21.5185	0	0	0	0	0	4.86777	0	0	19.8571	0	0	0	0	0	0	0	0	0	0	2.81372	0	0
ENST00000395957.6|ENSG00000164924.18|OTTHUMG00000134291.9|OTTHUMT00000259017.2|YWHAZ-206|YWHAZ|5248|protein_coding|	5248	4920.77	11.4461	0	27.4877	0	33.5837	0	0	0	39.6678	41.3971	39.4135	58.7474	0	0	0	0	0	0	63.8714	0	0	25.2838	10.6594	0.000171772	10.352	87.8985	0	0	0	5.75944e-08	0	0	20.0555	0	0	10.4071	0	0	53.9142	40.6906	0	18.3477	41.1295	35.9774	0	0	0	0	0	15.443	0	12.5936	5.29028	20.7055	14.8691	0	0	0	0	4.55105	20.5974	6.09377	21.785	0	55.0538	21.0302	0	31.4092	11.7179	26.003	0	0	23.3404	180.445	12.9628	52.5239	29.7346	0	0	29.4045
ENST00000457309.2|ENSG00000164924.18|OTTHUMG00000134291.9|-|YWHAZ-211|YWHAZ|3007|protein_coding|	3007	2679.77	105.549	77.6088	192.955	0	389.297	822.576	0	0	39.7413	0	207.713	0	0	0	5.27021	0	0	0	1186.64	0	0	114.209	0	46.1987	2.11323	83.7139	16.7151	122	0	0	21.2378	0	131.465	0	136.831	0	0	0	0	320.337	0	80.6211	15.375	200.452	0	65.5564	0	0	2.81438	0	0	0	0	0	0	0	0	0	15.1285	6.41981	0	21.0818	131.92	143.539	288.5	88.5429	64.0063	0	0	0	90.473	0	33.7814	129.871	1.6501e-07	120.444	161.71	0	0	0
ENST00000395956.7|ENSG00000164924.18|OTTHUMG00000134291.9|OTTHUMT00000259020.1|YWHAZ-205|YWHAZ|2974|protein_coding|	2974	2646.77	0	0	0	0	0	0	0	0	0	0	0	0	0	0	0	0	0	0	0	0	0	0	0	0	0	0	0	0	0	0	0	0	0	0	0	0	0	0	0	0	0	0	0	0	0	0	0	0	0	0	0	0	0	0	0	0	0	0	0	0	0	0	0	0	0	0	0	0	72.7013	0	0	0	0	0	0.015111	0	0	0	0	0
ENST00000353245.7|ENSG00000164924.18|OTTHUMG00000134291.9|OTTHUMT00000259018.1|YWHAZ-201|YWHAZ|2829|protein_coding|	2829	2501.77	103.033	149.311	565.871	611.53	647.852	63.9259	90.198	306.956	219.495	36.6371	807.752	935.781	74.3375	0	27.3713	11.6646	414.463	356.229	431.62	17.915	0	160.855	588.442	21.0295	378.338	41.2556	662.721	0	44.6016	237.969	165.227	46.0928	535.119	0	109.672	162.861	37.0675	92.7642	546.092	370.221	0.248732	144.207	20.3351	843.311	7.89152	222.827	8.13194	6	65.2489	199.57	54.6797	147.989	62.5204	674.578	580.259	31.2882	22.8632	56.1878	224.223	10.7102	3.15967e-07	147.014	273.631	221.251	635.617	519.178	64.0229	134.469	90.2968	284.212	194.963	0	92.5972	387.535	279.544	171.736	383.179	423.161	66.9493	128.476
ENST00000522542.5|ENSG00000164924.18|OTTHUMG00000134291.9|OTTHUMT00000380239.1|YWHAZ-219|YWHAZ|1394|protein_coding|	1394	1066.77	97.9437	0	4.21064	65.4813	0	0	9.12195	0	12.4497	0	66.3382	3.34321e-06	0	0.010565	28.062	0.303768	73.4385	375.294	0	184.744	11.5433	0	0.00166442	130.442	132.461	0.180053	0.0010163	0	178.341	2.04281e-06	0	132.527	0	42.5899	19.0248	0.000386036	4.67643	237.574	0.0318935	5.49308e-07	95.6328	184.041	0.0618512	0.939896	63.3426	95.6659	17.7063	0	0.00484474	3.35188e-06	0.00238603	91.555	5.89164	243.391	0	63.3619	35.6335	0	30.3991	94.676	2.35746	4.33257	48.2505	0	9.64053e-06	1.23616e-06	0	25.5731	5.74099	0.00989842	0	0	253.888	0.432372	0	1.94574e-07	15.032	20.8259	344.917	13.7104
ENST00000521309.5|ENSG00000164924.18|OTTHUMG00000134291.9|OTTHUMT00000380240.1|YWHAZ-216|YWHAZ|1399|protein_coding|	1399	1071.77	66.1415	14.4134	325.012	0.556415	109.835	0	159.333	16.9559	86.9096	456.926	32.7149	34.6749	68.3536	75.7602	0.490034	83.1433	0	18.9017	93.24	2.23032	0.0979168	27.8546	70.5236	1.60897	17.8451	727.507	186.992	0	2.05303	42.4018	36.4643	1.62047	54.0959	0.911626	0.205465	58.1047	248.52	3.23363	533.246	184.216	1.05968	2.32069	382.387	298.051	1.82941	176.931	0	0	240.87	45.0625	129.519	2.19585	150.611	3.82409	104.002	0.665693	0.97639	72.9218	0.249636	2.44071	352.124	370.963	0.447669	139.661	287.143	122.282	0	129.751	261.759	133.913	0	0	208.597	245.645	25.8492	141.561	156.198	0.284936	3.56205	95.3006
ENST00000522819.5|ENSG00000164924.18|OTTHUMG00000134291.9|OTTHUMT00000380242.1|YWHAZ-220|YWHAZ|875|protein_coding|	875	550.105	0	0	0	0	0	0	0	0	0	0	0	0	0	11.8943	6.37011	0	0	0	0	0	0	0	0	0	0	0	0	0	0	0	0	0	0	0	0	0	0	0	0	0	0	0	0	0	37.9876	0	0	0	0	2.84592	0	0	0	0	0	0	0	0	0	0	0	0	0	0	0	0	40.9349	0	0	0	0	0	0	0	0	0	0	0	0	0
ENST00000395953.6|ENSG00000164924.18|OTTHUMG00000134291.9|OTTHUMT00000259025.2|YWHAZ-204|YWHAZ|994|protein_coding|	994	667.602	40.0137	26.0505	12.9865	0	37.9315	0	69.6269	0	181.385	279.748	79.5949	207.943	112.289	36.7239	63.4854	102.67	62.0855	7.81691	4.35533	122.952	0	37.4973	38.2342	109.904	266.004	119.035	31.9279	0	0	0	0	89.9286	87.1665	0.1633	0.0882422	7.44776	5.44698	71.9256	17.2908	4.62144e-07	0	0	149.012	28.7443	62.2236	54.1085	6.3693	0	7.01414	137.542	31.2541	54.3821	35.0022	9.18656	123.723	13.8929	0	9.48898	0	62.2374	163.33	107.267	0	9.07413e-06	56.9633	104.926	0.00217596	49.0468	34.476	0	0	0	99.4664	84.4304	0	15.779	3.925e-08	0	35.3853	220.558
ENST00000395948.6|ENSG00000164924.18|OTTHUMG00000134291.9|OTTHUMT00000259024.2|YWHAZ-202|YWHAZ|812|protein_coding|	812	488.158	16.9331	0	0	0	0	0	0	0	0	0	0	0	0	0	15.3458	0	0	0	0	0	2.40023	0	0	23.6833	1.96657	0	0	0	0	0	0	0	0	0	0	0	0	0	0	0	0	0	0	0	0	0	0	0	0	0	0	0	0	0	0	0	0	0	0	4.37298	0	0	0	0	0	0	0	0	0	0	0	0	0	0	0	0	0	0	0	0
ENST00000395951.7|ENSG00000164924.18|OTTHUMG00000134291.9|OTTHUMT00000259027.1|YWHAZ-203|YWHAZ|964|protein_coding|	964	638.003	0	0	0	0	0	0	0	0	0	0	0	0	0	0	0	0	0	0	0	0	0	0	0	0	0	0	0	0	0	0	0	0	0	0	0	0.000915746	0	0	0	0	0	0	0	0	0	0	0	0	0	0	0	0	0	2.75985	0	0	0	0	0	0	0	0	0	0	0	0	0	0	0	0	0	0	0	0	3.51862	56.4279	0	0	0	0
ENST00000419477.6|ENSG00000164924.18|OTTHUMG00000134291.9|OTTHUMT00000259026.1|YWHAZ-209|YWHAZ|891|protein_coding|	891	565.904	51.0585	26.5222	109.637	0	65.8043	0	130.88	33.0741	110.128	0.0314185	0.000210315	3.57865	0.0100756	125.63	52.2968	4.62041e-08	0	179.443	158.352	72.9421	7.69071	63.9602	14.0643	76.4798	1.36821	40.3065	0	0	55.4433	0	1.89027	0	13.9621	11.3022	4.89063	0	49.6739	40.8005	108.073	27.8782	15.5236	36.0595	52.7621	0.029579	18.5893	76.1397	30.2067	0	0	0.294007	4.29724	0.000389956	51.382	46.0058	0	0.469979	25.3208	21.4265	0	26.7569	155.929	0.00402253	1.29059e-05	0	103.21	5.39556e-07	39.3308	35.2104	114.539	0	0	0	42.7778	34.3561	0	9.65137e-06	0.711073	0	102.594	0.00127471
ENST00000521607.5|ENSG00000164924.18|OTTHUMG00000134291.9|OTTHUMT00000380243.2|YWHAZ-218|YWHAZ|750|protein_coding|	750	427.771	5.56979e-08	45.882	93.0585	0	0.249351	0	58.839	12.3604	31.9697	79.5168	154.432	93.7551	47.8904	0	19.3084	18.8276	36.4142	11.646	129.01	26.8286	0	25.055	45.0673	11.8286	30.0611	108.174	12.9985	0	28.5613	0	12.2203	0	36.7643	5.01517	6.61611	0.111011	25.6486	32.975	83.3746	0.00564824	19.2479	53.8128	3.51147	118.109	0	29.6337	10.5858	0	79.5657	16.8202	36.4731	16.6838	50.0569	4.59062e-06	0	19.0274	5.12748	10.8362	0	15.6014	0.0623374	0.00631715	4.12826	32.3696	10.1935	36.1747	34.8474	16.8571	36.3273	39.7173	2.56375	0	56.1286	31.8806	0	20.2297	69.6802	5.08852	10.1282	21.9662
ENST00000418997.1|ENSG00000164924.18|OTTHUMG00000134291.9|OTTHUMT00000259023.3|YWHAZ-208|YWHAZ|996|protein_coding|	996	669.589	0.527391	0	0	0	0	2.05359	0	7.27811	4.16354	0	1.94794	11.7262	0	0	0	0	0	2.70315	0	1.51465	0	0	0	5.08677	1.20083	0	0	0	0	0	0	2.37774	5.53579	0	0	0	0	0	0	6.61623	0	0.000629035	10.3756	14.3154	0	0	0	0	0.630729	7.77292	1.84472	0	6.71914	6.0692	2.81114	0	0	0	0	0	0	4.9904	0	3.88962	9.24474	2.26165	0	0	3.20854	0	0	0	1.5741	0	3.1434	0.249046	2.41445	0	0	0.824154
ENST00000437293.5|ENSG00000164924.18|OTTHUMG00000134291.9|OTTHUMT00000259022.3|YWHAZ-210|YWHAZ|701|protein_coding|	701	380.773	0	25.8443	28.0117	1.83348	0	5.52528	7.01987	2.79354	10.1197	2.37319	22.1358	15.9896	7.63394	11.351	0	6.86113	7.95829	6.53309	50.5172	16.0872	0	1.58289	0	2.57432	28.6175	5.26153	5.1512	0	0	0	0	2.91625	0	0	0	0	0	0	17.3303	20.3325	0.346749	11.6657	0	4.11738	9.48022	2.86818	0	0	0	6.21309	5.85124	6.75027	14.7064	10.4576	9.13696	0	1.54391	2.31617	0	8.72428	21.0693	0	0	1.0562	16.7532	5.79685	10.1022	0	1.01766	5.8897	0	0	7.85304	0	4.38823	15.1532	14.8446	5.25373	0	22.6021
ENST00000523131.1|ENSG00000164924.18|OTTHUMG00000134291.9|OTTHUMT00000380247.3|YWHAZ-221|YWHAZ|567|protein_coding|	567	259.255	15.968	6.15847	12.1506	0	3.72917	0	0	0.155369	8.85343	6.56958	8.34302	0	4.16784	0	0	0	3.03427	4.52297e-05	0	0	0	12.8139	3.01895	3.38682	2.72781	9.52706	0	0	0	4.16342	3.96085	1.64159	6.09504	2.3231	3.0054	0	0	0	4.29595	0	0	2.03237	4.58207	5.98983	1.65584	0	0	0	5.54536	0	0	4.22691	0	5.39183	6.56436	0	0	2.49761	0	0	4.05073	10.6599	12.7338	0	10.5253	3.42597	0	7.18199	0	0	0	0	0	21.27	1.82666	6.34174	0.272588	0	0	0
ENST00000394920.6|ENSG00000161016.17|OTTHUMG00000165249.3|OTTHUMT00000382946.1|RPL8-202|RPL8|965|protein_coding|	965	638.997	0.289769	33.3159	34.2619	59.9778	45.8775	272.871	4.72844e-06	0.000491857	102.637	78.0866	0.222166	124.042	505.397	1.25482e-08	8.42933e-06	5.722	88.0995	2.71289e-05	10.6687	44.2404	2.14465	0.0205726	4.06356	0.000506056	11.7554	11.2146	3.36883e-07	0	0.0152795	8.93657e-05	0.129841	0.000164968	280.732	0.106457	1.40689e-07	57.0493	101.404	202.767	85.8433	125.099	0.0184002	154.33	32.0176	3.23897	70.961	0	1.69746	121.9	18.1577	0	217.315	0.100889	0.00299417	0	3.21169e-05	2.01492	15.389	3.45323e-07	0.651968	72.8905	168.298	0	8.76821e-06	102.314	8.67326e-05	91.8825	7.27553	25.4395	4.52067e-06	26.8759	67.0662	0.0491476	0	51.9387	1.75373e-07	0.00930902	0.00374292	45.417	0	3.72958e-05
ENST00000262584.7|ENSG00000161016.17|OTTHUMG00000165249.3|OTTHUMT00000382948.1|RPL8-201|RPL8|1041|protein_coding|	1041	713.766	954.695	1516.36	433.457	1121.82	593.231	1388.86	666.628	1167.18	638.701	902.742	872.008	1412.15	765.136	1094.87	1320.87	1673.23	715.718	1378.75	1274.11	1119.15	86.9199	294.546	2183.8	1237.28	904.974	555.607	337.529	392.786	200.072	387.897	169.798	145.791	131.512	174.9	535.527	255.108	667.004	564.552	644.26	271.548	200.527	194.365	522.199	218.047	199.774	425.477	226.101	58.7666	349.193	104.717	99.1197	254.142	468.098	184.304	396.014	512.842	130.867	423.165	1516.98	120.322	493.456	596.566	512.618	364.474	406.665	456.416	478.628	79.4497	386.986	577.337	292.797	304.75	539.176	351.294	209.694	467.691	500.19	238.932	347.506	496.475
ENST00000533397.5|ENSG00000161016.17|OTTHUMG00000165249.3|OTTHUMT00000382953.2|RPL8-213|RPL8|730|protein_coding|	730	408.445	0.26128	0.0217475	0.0494619	1.61537	8.46739e-06	18.2395	0.004903	221.933	84.6122	92.9758	4.29709e-08	38.1336	0	0.00826096	4.15012	84.7224	0	4.74914	61.8412	0.00333463	12.948	30.2229	105.619	98.9805	91.7568	62.4615	94.7351	33.4757	48.9985	0	22.1107	23.6973	0	0.929753	102.007	25.3324	136.654	0	139.972	20.2739	18.8339	28.2288	50.6729	27.0982	0	51.8973	0.512793	0	0	0	0	0	0	0	65.0629	32.581	6.12057	0	67.1476	0	3.49679	36.702	66.7284	64.2516	30.6085	2.52779	159.374	20.9289	52.1131	7.27007	0.000649669	45.0267	38.4533	8.67858	4.45497	41.8117	7.95582	16.4304	56.2285	22.1549
ENST00000532702.1|ENSG00000161016.17|OTTHUMG00000165249.3|OTTHUMT00000382954.1|RPL8-212|RPL8|745|protein_coding|	745	422.916	127.965	7.13589	89.5461	1.20027e-06	1.91026e-05	3.34626e-05	1.35501e-05	1.03141e-07	75.5556	0	0	0.113533	0	0.00448837	0.335479	0.0954938	0	0	2.88749e-05	0.182183	16.4271	1.03111	0	0	130.838	60.8136	0.134204	6.26269e-06	0	0	15.5506	0.0924233	0	4.1911	39.8327	0	0	151.023	0	1.95745	17.0528	0	7.59375e-07	57.5287	0.000155976	0	8.35388	0.170262	1.30675e-07	0	0	79.3013	68.5961	0	0	2.40016e-06	11.9434	0	30.8083	0	0.00137441	0	18.0282	0.00185751	0	0.139201	1.27481	0	3.54193	1.47473e-06	31.7574	0	0	0.508972	0	0	23.6033	0.0575861	0	31.0259
ENST00000545128.5|ENSG00000099139.14|OTTHUMG00000020039.4|-|PCSK5-205|PCSK5|9538|protein_coding|	9538	9210.77	0	2	1	253	2	0	0	0	0	0	0	0	2.19365	0	0	0	1	1	0	1	0	3	0	7.92042	0	0	0	0	0	0	0	1	0	0	1	1.00471	0	0	0	1	0	0	0	0	0	0	0	0	0	1	0	0	0	5	1.11578	0	0	0	0	0	0	0	0	1	0	0	0	0	0	0	3	0	0	0	0	0	1.88217	0	3	1.0019
ENST00000376767.7|ENSG00000099139.14|OTTHUMG00000020039.4|OTTHUMT00000052718.1|PCSK5-202|PCSK5|2845|protein_coding|	2845	2517.77	3075	2140	4172	452	3	0	44	1622	2724	3968	3322	4238	3226	199	2381	6081	8605	4252	91815	4449	6712	1304	176	7322	204	4	40	458	375	64	10	166	11260	945	109	2715	1	6	3600	339	177	802	568	307	32	340	174	134	218	670	135	739	609	442	33	709	577	2364	176	123	997	0	790	3572	194	404	0	2216	341	1939	1206	65	241	669	781	7	1060	196	321	827
ENST00000323345.11|ENSG00000148303.17|OTTHUMG00000020864.3|OTTHUMT00000054869.2|RPL7A-202|RPL7A|887|protein_coding|	887	561.957	621	1481.87	1453.49	1075.84	305	1024.7	121.868	2073.74	1021.75	483.934	1717.02	1228	1638.91	1110.9	2099.73	1353.92	1765.73	1384.85	0	772.926	975.4	1127.48	1961.33	1915.44	385.818	1380.65	289	826.913	749.488	591.43	260	230	418.025	489.87	711.883	486.66	1497.94	956.787	1224.92	38	58.9561	107	60	251.837	295	816.991	355.467	346	191.55	91	573.781	675.528	648	265	132.265	690	308	1055.8	189.747	262.018	1190.73	1169.36	532.951	686.835	782.923	580.863	847.785	528.398	495.766	1133.89	350.098	849.96	334	1013.48	334	661.621	203.502	309.943	653.954	687.795
ENST00000426651.1|ENSG00000148303.17|OTTHUMG00000020864.3|OTTHUMT00000054864.2|RPL7A-203|RPL7A|1057|protein_coding|	1057	729.766	0	0	0	0	0	0	0	0	0	0	0	0	0	0	0	0	0	0	0	0	0	0	0	0	0	0	0	0	0	32.3295	0	0	0	0	0	0	0	0	0	0	0	0	0	57.0373	0	0	0	0	0	0	0	0	0	0	0	0	0	0	3.81737	0	0	0	0	0	0	0	0	0	0	0	0	0	0	0	0	0	0	0	0	0
ENST00000532491.5|ENSG00000156738.18|OTTHUMG00000167614.6|OTTHUMT00000395399.2|MS4A1-208|MS4A1|558|protein_coding|	558	251.647	0.904472	0	5.70087	15.3527	3.02867	0	57.4832	0	1.64387	0	0.0103186	0	0	17.7099	0	25.6555	0	4.59696	0	0	17.1398	14.332	0.316508	6.10546	0	0	0	0	16.0916	7.46991	0	0	6.72323	7.27778	0	1.46245	6.20613	0	21.4934	13.0394	0	0	0	7.26872	0	12.5182	0	0	0	0	0	23.4105	0	0	0	22.68	0	5.63445	22.8823	0	0	0	15.3136	8.99599	0	8.90335	0	1.86591	0	2.12573	0	5.93571	5.70923	0	1.46649	5.01189	0	2.22118	0	0
ENST00000532073.5|ENSG00000156738.18|OTTHUMG00000167614.6|OTTHUMT00000395401.1|MS4A1-206|MS4A1|2560|protein_coding|	2560	2232.77	0	147.907	11.4649	0	0	0	0	0	0	0	0	0	0	3.72901	0	0	0	0	0	17.8754	0	21.9394	22.5571	0	0	5.00591e-06	7.30482	73.3228	188.71	24.2929	85.0012	0	163.04	248.055	138.715	335.669	17.9882	18.6659	39.4054	452.828	0	73.6194	50.3666	0	0	249.632	0.00341031	37.3861	122.119	106.829	0	51.8867	82.6798	42.7904	0	43.7786	17.6703	31.6311	0	87.9608	0	0	0	25.64	93.2144	44.2582	430.08	35.3728	0	214.696	0	0	261.962	234.32	225.89	0	0	50.1395	187.738	100.358
ENST00000345732.9|ENSG00000156738.18|OTTHUMG00000167614.6|OTTHUMT00000395398.4|MS4A1-201|MS4A1|3556|protein_coding|	3556	3228.77	173.55	0	1222.44	167.008	118.453	0	253.689	518.124	301.241	121.713	56.1637	0	441.499	175.022	287.59	130.172	0	302.584	25.1617	951.355	350.605	842.844	668.102	60.6813	127.874	600.627	464.301	454.011	705.757	687.608	52.302	118.465	0.00211132	186.991	669.158	96.3987	912.229	65.4484	456.985	416.44	371.768	109.13	256.775	606.826	342.974	457.933	162.589	0	252.773	35.8485	0	207.85	326.465	307.843	185.406	652.755	0	330.239	106.077	124.04	793.286	182.685	652.815	842.712	0	587.972	312.743	993.424	183.138	227.29	557.601	518.564	165.96	940.678	226.894	722.549	1234.42	70.1558	140.106	90.8218
ENST00000534668.6|ENSG00000156738.18|OTTHUMG00000167614.6|OTTHUMT00000395402.2|MS4A1-211|MS4A1|3467|protein_coding|	3467	3139.77	0	0	0	0	0	0	0	150.144	0	0	0	378.827	0	0	0	0	0	0	0	0	0	0	0	0	0	0	0	128.061	0	0	1.41053e-07	0	161.094	0	4.17862e-05	0	24.8776	11.3318	0.181228	68.089	0	50.1365	0	27.5734	15.9525	0	122.288	360.481	10.9482	0	0	0	47.5144	409.539	0	0	0	0	0	0	17.5364	0	0	0	0	0	0	0	0	0	0	0	0	0	0	0	5.02533e-07	8.50731	0	0
ENST00000528313.1|ENSG00000156738.18|OTTHUMG00000167614.6|OTTHUMT00000395403.1|MS4A1-204|MS4A1|928|protein_coding|	928	602.42	0	0	73.9078	0	6.55654	0	62.6248	51.0466	94.4669	43.2331	0	48.172	2.18562	0	24.0415	0	3.26339	0	16.3349	233.843	33.8662	24.0173	0	0	8.89151	0	0	0	0	0	0	0	0	0	0	0	0	1.26421	0	0	0	0	0	0	0	0	0	0	0	0	0	15.2013	0	0	0	0	1.15317	0	0	9.00552	48.6833	0	0	0	0	0	0	0	0	0	0	0	0	0	0	61.019	0	0	0	0
ENST00000533306.6|ENSG00000156738.18|OTTHUMG00000167614.6|OTTHUMT00000395405.3|MS4A1-209|MS4A1|607|protein_coding|	607	294.111	0	0	101.44	45.0986	15.2697	0	15.6758	17.4719	23.3647	36.3652	20.0308	0	15.8147	0.384029	45.6554	51.2899	0	89.7693	4.52904	57.8081	58.9829	4.46145	111.812	22.8136	28.4656	59.897	0	0	107.864	35.7341	0	27.4044	5.00988	46.162	0	19.9672	93.1649	0	13.2393	60.9817	53.2898	0	0.0326184	86.8278	18.0285	31.283	16.6209	0	65.622	17.7721	0	25.108	0	12.9829	25.5542	47.8275	0	0	57.9782	34.3592	62.6879	20.7475	30.7298	60.9947	0	46.0401	2.52597	13.4191	10.3679	13.8132	102.007	57.1704	30.6668	82.3912	0	15.0895	23.3435	1.20041e-05	9.05162	4.4329
ENST00000674194.1|ENSG00000156738.18|OTTHUMG00000167614.6|OTTHUMT00000530800.1|MS4A1-212|MS4A1|2499|protein_coding|	2499	2171.77	124.697	97.2617	384.156	0	154.692	0	314.842	765.567	398.403	174.689	66.7952	455.001	106.074	0	223.564	0	0	0	43.9744	1102.28	0	544.29	961.212	88.3996	57.5998	966.893	259.631	679.799	2167.69	684.505	407.103	336.131	671.145	492.514	620.435	510.503	1141.63	280.594	691.696	1241.7	93.5249	199.114	555.853	657.816	250.909	1004.92	872.904	535.133	1014.54	171.55	0	453.982	213.666	494.581	378.04	684.943	11.1765	624.745	0	163.211	336.061	158.345	783.779	1440.48	357.786	514.832	1317.81	1309.92	158.993	1251.73	112.817	839.677	688.503	1225.74	125.281	341.584	120.514	157.891	622.953	421.621
ENST00000533540.5|ENSG00000109971.14|OTTHUMG00000166030.2|OTTHUMT00000387517.1|HSPA8-221|HSPA8|1826|protein_coding|	1826	1498.77	0	0	0	0	0	0	0	0	0	8	0	0	0	0	0	0	0	0	0	78	0	0	0	0	0	0	0	0	0	0	0	0	0	0	0	0	0	0	0	0	0	0	0	0	0	0	0	0	0	0	0	0	0	0	0	0	0	0	0	0	0	0	0	0	130.865	68	0	0	0	54	0	0	0	0	0	0	0	0	0	0
ENST00000534624.6|ENSG00000109971.14|OTTHUMG00000166030.2|OTTHUMT00000387518.1|HSPA8-224|HSPA8|2264|protein_coding|	2264	1936.77	582.796	0	1126	0	0	0	506.786	2151.03	313.121	0	0	1015.13	0	277.268	0	0	0	1057.51	2353.39	0	905.639	0	684.215	0	209.698	0	0	678.151	1065.9	191.193	150.521	0	248.046	0	464.119	802.371	860.809	75	821.674	636.659	92.1038	0	847.148	538.882	191.472	0.0955843	247.837	123.064	626.905	387.345	283.964	0	759.361	66.2579	290.322	961.578	1070.27	60.1823	0	78.7901	572	393.804	157.595	907.117	0	0	451.901	312.845	0	0	0	0	198.365	1530.52	24.8173	855.971	537.815	0	98.1076	1140.38
ENST00000227378.7|ENSG00000109971.14|OTTHUMG00000166030.2|OTTHUMT00000387521.1|HSPA8-201|HSPA8|2186|protein_coding|	2186	1858.77	0.00518828	0	547.527	0	0	0	95.1938	2.57774	22.8107	0	0	354.451	0	15.5017	0	0	0	65.4242	1177.73	0	6.34968	0	0.037247	0	341.492	0	0	40.9636	414.683	22.2008	23.2683	0	120.914	0	104.575	397.035	578.476	0	7.1285	722.937	295.869	0	706.113	255.818	139.514	230.215	66.2147	165.053	433.507	0.644865	288.349	0	398.529	333.534	590.639	265.683	330.068	174.035	34	69.2099	0.000155088	18.191	153.321	0.0142827	6.44854	0	282.65	115.155	0	0	0	0	52.6704	378.807	13.077	6.48245	510.378	0	49.8924	78.6187
ENST00000534319.5|ENSG00000109971.14|OTTHUMG00000166030.2|OTTHUMT00000387522.1|HSPA8-222|HSPA8|1884|protein_coding|	1884	1556.77	0	0	0	0	0	0	0	0	0	0	0	111.044	0	0	0	0	0	0	0	0	0	0	0	0	0.000297102	0	0	0	0	40.2097	0	0	0	0	0	0	373.263	0	0	0	8.42883e-07	0	0	0	0	34.1467	2.04891e-08	0	0	0	19.3511	0	0	49.1896	0	0	0	0	0	0	0	0	85.3658	0	89.6863	0	0	0	0	0	0	0	0	0	1.10567	0	0	0	0	1.11058
ENST00000524552.5|ENSG00000109971.14|OTTHUMG00000166030.2|OTTHUMT00000387524.2|HSPA8-203|HSPA8|963|protein_coding|	963	637.013	0	0	0	0	0	0	0	0	0	0	0	0	0	0	1	0	0	0	484.608	0	0	0	0	0	0	0	0	0	2.43153	0	0	0	0	3	0	0	0	0	0	0	0	0	2.62436	0	0	0	0	0	0	0	0	0	0	72.1551	0	0	5.90923	0	0	0	0	0	0	0	0	0	0	0	0	0	0	0	0	0	0	0	0	0	0	0
ENST00000525624.5|ENSG00000109971.14|OTTHUMG00000166030.2|OTTHUMT00000387535.2|HSPA8-206|HSPA8|1048|protein_coding|	1048	720.766	0	0	0	0	0	0	0	0	0	0	0	0	0	0	0	0	0	0	0	0	0	0	0	0	0	30	0	0	0	0	4.44758	0	0	0	0	0	0	0	0	0	0	0	0	0	0	0	0	8.55285	0	0	0	12	0	0	0	0	3.47751	0	0	0	0	0	0	13.8551	0	0	0	0	0	0	0	0	0	0	0	0	0	0	0	0
ENST00000530391.1|ENSG00000109971.14|OTTHUMG00000166030.2|OTTHUMT00000387540.2|HSPA8-213|HSPA8|648|protein_coding|	648	331.239	0	0	0	0	0	0	0	0	0	0	0	34.8698	0	0	0	0	0	0	0	0	0	0	0	0	0	0	0	0	0	0	0	0	0	0	0	0	0	0	0	0	0	0	0	0	0	0	0	0	0	0	0	0	0	20.7149	0	0	0	0	0	0	0	0	0	0	0	0	0	0	0	0	0	0	0	0	0	0	0	0	0	0
ENST00000546500.5|ENSG00000135486.18|OTTHUMG00000169702.4|OTTHUMT00000405474.2|HNRNPA1-203|HNRNPA1|4121|protein_coding|	4121	3793.77	0	0.0200816	0	105.12	9.46024	20.0656	60.0134	64.3015	6.40648	101.766	7.427	95.5149	37.5513	0	56.8192	67.7447	0	0	32.0993	4.26546	12.8799	28.8049	0	31.8347	42.3955	213.524	16.987	107.639	0	32.568	0	15.918	36.6352	2.86758	0.0178372	3.82951	0	0	13.17	0	41.3928	0	12.9724	38.3317	0.24185	30.2316	43.3116	0	80.189	0	12.9461	17.4726	45.0268	4.5553	14.2141	4.14033	1.03148e-08	8.66648	23.0785	12.4213	73.5058	0	0	45.229	122.971	16.8982	0	69.065	11.9616	29.8198	15.3626	11.6589	10.4952	3.30125	48.5926	30.2914	7.17589	25.471	73.1541	2.49257
ENST00000340913.11|ENSG00000135486.18|OTTHUMG00000169702.4|OTTHUMT00000405480.1|HNRNPA1-202|HNRNPA1|3744|protein_coding|	3744	3416.77	0	26.4538	45.3822	68.3074	0	24.0364	3.30721e-06	1.95051e-07	58.4568	0	193.348	0	0	69.2459	0	0	53.4414	308.694	9.65108	81.1569	0	0	0	0	0	2.68899	0	34.8745	76.0925	3.27503e-08	57.8914	119.889	0	3.8284e-06	11.9554	0	6.32217	3.44883	191.837	22.5552	0.00373429	0	0	24.418	10.0774	8.40396e-08	1.73448	7.01867	0	0	130.602	0	0	0	0	0	9.35165	0	0	0	0	177.816	115.904	0.0987452	0	1.75426	13.2333	0	38.6266	0	0	251.988	0	115.474	11.9189	5.60125e-07	0	0	0	90.2204
ENST00000330752.12|ENSG00000135486.18|OTTHUMG00000169702.4|OTTHUMT00000468217.1|HNRNPA1-201|HNRNPA1|1294|protein_coding|	1294	966.766	100.641	203.712	211.936	564.893	215.757	268.984	320.95	114.641	304.99	544.345	776.555	424.843	219.822	210.59	187.494	290.511	204.772	252.078	747.538	108.873	183.23	462.261	166.433	206.003	94.7819	294.592	192.364	204.137	203.292	224.761	5.79258	143.778	229.477	27.2804	162.214	44.6557	134.091	101.751	194.53	0	98.9288	136.462	69.8729	434.181	87.6892	225.527	406.831	0	390.28	0	99.9164	185.285	332.678	151.955	222.928	40.5353	79.1393	62.5299	147.536	27.9915	719.525	560.662	146.006	302.092	371.734	158.853	108.44	248.812	202.264	320.676	71.5151	294.307	252.499	322.94	601.537	130.133	131.326	94.8999	172.631	57.3683
ENST00000547276.5|ENSG00000135486.18|OTTHUMG00000169702.4|OTTHUMT00000405485.3|HNRNPA1-204|HNRNPA1|1539|protein_coding|	1539	1211.77	5.7774	261.309	224.879	894.861	0	256.776	101.592	298.912	445.281	710.2	91.5812	1158.51	698.483	220.53	409.294	260.886	2268.5	524.322	0	948.315	0	106.117	0	162.613	291.376	680.268	239.509	307.6	0	90.3447	22.4283	185.539	582.639	102.039	315.947	26.2193	0.836397	0	244.836	13.5645	188.38	224.602	115.942	282.837	39.3041	189.843	160.445	19.7691	394.075	0	84.5526	138.526	477.892	178.751	0	0	46.5323	24.3954	384.127	124.924	126.792	33.812	183.775	358.684	550.677	0	204.612	484.335	149.483	297.537	115.14	193.714	0	459.645	481.682	18.2367	0	185.527	454.216	245.404
ENST00000548688.5|ENSG00000135486.18|OTTHUMG00000169702.4|OTTHUMT00000405739.1|HNRNPA1-208|HNRNPA1|711|protein_coding|	711	390.249	14.7195	13.5145	0	0	0	0	3.01823e-06	0	0	0	0	0	0	16.644	0	50.5752	0	0	0	0	0	0	0	0	20.6595	0	0	0	0	0	0	0	0	0	0	0	0	0	20.2826	3.8333	0	0	0	0	0	0	0	0	0	0	0	0	0	0	0	0	0	0	0	0	0	0	21.4317	16.3079	0	0	0	0	0	0	0	0	0	0	0	5.86043	33.3641	0	0	7.13291
ENST00000550994.1|ENSG00000135486.18|OTTHUMG00000169702.4|OTTHUMT00000405740.1|HNRNPA1-210|HNRNPA1|569|protein_coding|	569	260.978	13.9776	16.6859	0	0	0	0	0	0	0	0	0	0	0	11.0109	0	61.5459	5.96051	0	0	0	0	0	0	0	20.1255	0	0	0	0	0	1.85476	0	0	0	0	0	0	0	29.4773	12.4533	0	0	0	0	0	0	0	0	0	0	0	0	0	0	0	0	0	0	0	0	0	0	15.8255	5.8962	0	0	0	2.03342	0	0	0	0	0	0	0	17.9492	43.8961	0	0	20.4206
ENST00000550482.1|ENSG00000135486.18|OTTHUMG00000169702.4|OTTHUMT00000405741.1|HNRNPA1-209|HNRNPA1|832|protein_coding|	832	507.801	0	0	23.7162	0	0	0	0	0	0	0	0	0	0	0	0	0	0	0	0	0	0	0	0	0	0	0	0	0	0	0	0	38.949	0	0	0	24.0433	0	0	0	10.3013	0	0	0	17.6115	0	0	0	0	0	0	52.1614	7.71365	0	0.000154296	0	1.7997	0	0	0	0	0	46.4686	6.0384	0	0	0	0	0	0	0	0	0	0	0	0	0	0	0	0	0
ENST00000501597.3|ENSG00000229117.9|OTTHUMG00000170183.2|OTTHUMT00000407820.1|RPL41-202|RPL41|469|protein_coding|	469	180.906	965	824	464	812.761	667.539	905	754.237	1093	1007.94	685.994	807.943	671.364	556.92	1070	967	562	1363.07	1178.3	2250.32	555.883	746.195	594	1843.84	648.232	1089	727.297	686.849	181.438	710	508	161.912	245.222	532.007	578	559.765	706.133	494.571	579	704.854	390	222.362	315.9	362	372.997	367.942	452	395.836	144	208	395.898	489.769	494.038	403	695.473	251.097	456.718	238.433	167	1221.22	631.672	378	145	288.978	433.883	366.835	564.355	545	265.792	606.785	1069.93	120.322	658.909	354	627.912	378.664	664.433	656	239.02	529	598.767
ENST00000546591.6|ENSG00000229117.9|OTTHUMG00000170183.2|OTTHUMT00000407819.2|RPL41-204|RPL41|676|protein_coding|	676	357.218	0	0	0	0	6.46073	0	6.81642	0	104.491	1.65445	0	30.6365	0	0	0	0	0	1.69675	1.68156	5.04827	11.8052	0	1.59346	180.768	0	0	0	59.0949	0	0	0	17.3259	0	0	5.05909	0	10.1587	0	9.78405	0	0	0	0	47.8269	35.0581	0	0	0	0	0	0	30.9622	0	0	10.9026	44.0696	51.7673	0	1.70457	11.0917	0	0	20.7074	0	0	41.6452	0	0	3.2677	0	0	11.5337	0	0	64.6183	4.9181	0	32.9803	0	0
ENST00000202773.13|ENSG00000089009.15|OTTHUMG00000169685.4|OTTHUMT00000405421.1|RPL6-201|RPL6|947|protein_coding|	947	621.228	1282.15	1212.93	1080	811.459	753.204	1039.79	768.845	617.73	1063	687.611	1494.57	369.552	1271.29	1905.85	626.847	1127.21	1035.67	503.319	5110.51	1216.93	2201.29	1368.52	645.983	1370.85	533.114	602.743	358.39	366.926	806.288	350.886	371.095	441.181	835.024	697.632	681.772	898.967	1380.19	746.917	563.285	152.882	226.742	163.776	562.598	392.886	310.546	609.816	410.107	226.293	659.354	88.9429	816.862	648.887	651.598	524.432	313.834	225.467	430.572	555.227	856.629	252.026	974.481	875.253	874.845	730.175	519.431	651.072	330.479	105.103	912.561	1090.14	232.363	826.996	606.129	589.592	759.92	257.044	241	87.548	939.86	825.556
ENST00000424576.6|ENSG00000089009.15|OTTHUMG00000169685.4|OTTHUMT00000405422.1|RPL6-202|RPL6|1074|protein_coding|	1074	746.766	0	4.0628	0	0	0	0	0	0	0	0	0	0	0	0	0	0	0	0	0	0	0	0	0	0	0	0	0	0	0	0	0	0	0	0	0	0	0	0	0	0	117.599	0	0	0	0	0	0	0	0	4.9405	0	0	0	0	0	0	0	0	0	0	0	0	0	0	0	0	0	0	0	8.11456	0	0	0	0	0	0	0	0	0	0
ENST00000550566.6|ENSG00000089009.15|OTTHUMG00000169685.4|OTTHUMT00000405433.2|RPL6-208|RPL6|1014|protein_coding|	1014	686.766	0	0	0	0	0	0	0	0	0	0	0	0	0	0	0	0	0	0	0	0	0	0	0	0	0	0	0	0	0	0	0	0	0	0	0	0	0	0	0	0	0	0	0	0	0	0	0	0	0	34.16	0	0	0	0	0	0	0	0	0	4.35502	0	0	0	0	0	0	0	0	0	76.3697	0	0	0	0	0	0	0	0	0	0
ENST00000548343.1|ENSG00000089009.15|OTTHUMG00000169685.4|OTTHUMT00000405432.2|RPL6-204|RPL6|612|protein_coding|	612	298.594	0	0	0	0	0	0	0	0	0	0	0	0	1.2404	0	0	0	0	0	0	0	0	0	0	0	0	0	0	0	0	0	0	0	0	0	0	0	0	0	0	0	0	0	0	0	0	1.18543	0	0	0	19.3384	0	0	0	0	0	0	0	0	0	2.60318	0	0	0	0	0	0	0	0	0	49.3768	0	0	0	0	0	0	0	0	0	0
ENST00000551150.5|ENSG00000089157.16|OTTHUMG00000169317.10|OTTHUMT00000403448.3|RPLP0-219|RPLP0|1344|protein_coding|	1344	1016.77	0	0	0	0	0	0	0	0	0	0	0	0	0	0	0	0	0	0	0	0	0	0	0	0	0	0	50.1423	0	0	0	0	0	0	0	0	0	0	0	0	0	0	0	0	0	0	0	0	0	0	0	0	0	0	0	0	0	0	0	73.3817	0	0	0	0	83.2537	0	0	0	0	0	0	0	0	0	0	0	0	0	0	0	0
ENST00000392514.9|ENSG00000089157.16|OTTHUMG00000169317.10|OTTHUMT00000403450.3|RPLP0-203|RPLP0|1105|protein_coding|	1105	777.766	1245.37	2750.96	753.347	2660.27	1185.13	503.601	1340.65	2084.21	117.881	68	4998.93	2522.31	1762.23	2253.38	2039.85	342.977	797.234	2944.42	2094.81	1268.07	2084.29	792.017	1158.99	2557.07	1292.13	1071.98	300.216	243.718	608.783	294.286	210.162	443.624	557.247	886.026	457.996	473.022	722.428	105.224	950.608	261.353	446.475	663.082	687.154	707.17	556.953	748.674	382.171	115.226	207	115.557	693.291	197.947	404	233.348	302	496.613	596.799	527.106	2748.5	280	1343	1679.29	378.73	621.305	726.823	16.2756	664.662	600.921	680.61	681.07	417.996	667.557	344.401	1248.76	1240.16	568.593	586	57.993	826.593	534.92
ENST00000552292.5|ENSG00000089157.16|OTTHUMG00000169317.10|OTTHUMT00000403463.2|RPLP0-225|RPLP0|720|protein_coding|	720	398.857	0	0	0	0	0	0	0	0	11.2655	0	0	0	0	0	0	0	0	0	0	0	0	0	0	0	0	0	0	65.1202	0	0	0	0	0	1.30673	9.34484	0	0	0	45.84	0	0	0	0	0	0	20.0213	0	0	0	0	0	0	0	0	0	0	0	0	0	0	0	0	0	36.8613	0	85.1888	0	0	0	0	0	0	0	0	0	0	0	0	0	0
ENST00000313104.9|ENSG00000089157.16|OTTHUMG00000169317.10|OTTHUMT00000403449.1|RPLP0-202|RPLP0|912|protein_coding|	912	586.602	178.405	0	38.4936	0	0	0	0	0	291.258	0	0	0	3.13923	0	112.265	0	0	0	0	96.7826	0	0	0	99.3705	0	81.5098	0	0	0	0	0	45.6908	0	105.411	0	0	0	0	28.1592	0	0	0	0	0	0	0	0	0	0	0	0	0	0	202.876	0	0	11.9265	0	81.4296	0	0	33.9766	0	41.3336	0	0	49.8268	0	0	0	0	0	0	0	2.81992	0	0	0	0	0
ENST00000546989.5|ENSG00000089157.16|OTTHUMG00000169317.10|OTTHUMT00000403464.2|RPLP0-205|RPLP0|993|protein_coding|	993	666.611	0	0	0	0	0	0	0	182.784	0	0	0	0	0	0	0	0	0	0	0	0	0	0	0	0	0	0	0	0	0	0	0	0	0	0	0	75.0661	0	0	0	0	0	0	0	0	0	0	0	0	0	0	0	0	0	0	0	0	0	0	0	0	0	0	3.27	0	14.5444	0	0	0	0	0	0	0	0	0	0	0	0	0	0	0
ENST00000228306.8|ENSG00000089157.16|OTTHUMG00000169317.10|-|RPLP0-201|RPLP0|1257|protein_coding|	1257	929.766	92.6429	0	0	99.9673	0	0	51.9239	0	0	0	0.819016	0	128.067	0	4.87909	0	0	175.815	265.028	122.143	10.1427	6.80744e-05	0	0	68.2666	33.076	0	0	0	5.58853	27.498	70.6846	45.829	0	0	25.1485	84.5352	0	54.3625	0	0	45.6101	35.031	0	0	49.7136	128.635	0	0	0	0	29.3832	0	0	0	0	16.808	18.3425	10.5827	0	0	5.12551	0	23.5868	105.597	0	0	146.482	4.67573	0	0	1.2119e-07	82.5647	60.239	0	0	0	0	0	35.3555
ENST00000550856.5|ENSG00000089157.16|OTTHUMG00000169317.10|OTTHUMT00000403467.2|RPLP0-218|RPLP0|1003|protein_coding|	1003	675.766	7.65823e-06	0	0	61.7604	0	0	0	0	0	0	6.39401	0	0	0	0.000215314	0	0	1.61269e-07	0.537942	2.73901e-08	0	0	0	0	0	39.2453	0	0	0	0.125573	0	7.12036e-06	23.8816	0	0	4.62802e-07	0.0353962	0	0	0	0	8.03091e-05	37.7511	0	0	2.22496e-07	2.66851e-08	0	0	0	0	0	0	0	0	0	0	0	0	0	0	4.32826e-05	0	0	0	0	0	0.594978	3.04878e-05	0	0	75.4428	1.03275	1.2588e-06	0	0	0	0	0	0
ENST00000536769.1|ENSG00000150991.15|OTTHUMG00000044421.6|OTTHUMT00000400177.2|UBC-205|UBC|3745|protein_coding|	3745	3417.77	0	0	0	0	0	0	0	2.32495	0	4.54959	0	0	0	0	0	0	0	0	0	258.203	0	0	0	4.65537	0	0	146.475	0	0	0	71.1966	30	137.567	0	0	53.0881	0	141.343	0	8.46262	4.67476	0	0	73.2076	0	0	0	186.931	0	0	0	64.1703	0	0	0	0	4.53565	0	13.2637	0	0	0	69.6918	0	0	0	86.6941	0	0	0	199.521	0	0	2.19189	0	115.275	0	0	94.6816	0
ENST00000339647.6|ENSG00000150991.15|OTTHUMG00000044421.6|OTTHUMT00000400183.3|UBC-201|UBC|2193|protein_coding|	2193	1865.77	1695.53	4249.99	470.547	2649.51	1802.7	1910.94	1664.36	2321.48	4831.51	3059.91	1398.55	0	1933.78	2132.88	3470.98	817.748	753.609	2963.86	1517.91	1044.19	747.53	1824.92	2846.04	6470.25	1218.48	114.316	347.924	744.506	563.389	841.305	229.155	0	555.353	0	1531.75	1238.64	1948.17	738.815	543	209.404	375.025	241.61	804.128	1301.08	126.618	275.664	577.399	515.489	505.045	211.15	292.409	483.346	891.344	342.931	916.486	1247.03	312.854	274	183.666	242.399	1852	1103.8	977.726	1863.25	768.442	858.651	1090.64	857.846	773.546	712.094	741.316	112.767	1027.09	1596.1	116.149	649.465	2.99874	0	1427.56	791.524
ENST00000538617.5|ENSG00000150991.15|OTTHUMG00000044421.6|OTTHUMT00000400179.1|UBC-206|UBC|1303|protein_coding|	1303	975.766	95.7526	246.571	121.453	336.494	331.884	10.8463	11.4243	242.488	163.967	257.471	22.9709	0	47.3638	162.397	292.484	76.2127	189.149	137.252	111.653	0.0635915	21.9362	36.1398	26.0116	373.588	80.9129	0.684067	0	60.2	17.5816	126.693	35.3884	0	56.0381	0	85.069	0	47.0543	28.0404	0	41.4602	74.4909	14.4604	62.5347	22.158	93.3821	9.87016e-05	88.6008	27.9474	34.5283	15.7744	40.4999	100.075	68.4402	17.94	163.765	57.5263	63.5639	0	90.0702	26.8004	310.159	89.715	153.674	24.4437	1.18414	33.3323	0	0	2.25621	17.9242	38.8788	13.4048	42.6305	119.534	0	18.49	3.43523	0	0.0944666	0
ENST00000541272.1|ENSG00000150991.15|OTTHUMG00000044421.6|OTTHUMT00000400185.3|UBC-209|UBC|582|protein_coding|	582	272.041	11.7216	107.442	0	0	16.952	27.2185	48.2157	50.6274	78.5193	63.6517	55.4796	0	65.8592	16.7233	37.536	19.448	13.2423	54.8906	10.4386	37.5469	9.13675	29.0661	52.948	29.1157	17.6036	0	0	18.4643	13.0292	10.3816	4.43407	0	10.8879	0	18.0005	22.2739	8.22728	0	0	0	3.80946	0	6.33737	17.4924	0	9.75891	0	0	6.42668	9.076	14.2887	0	13.2155	0	19.749	8.44512	2.04645	0	0	9.95374	44.5093	22.0947	19.345	47.0738	10.669	8.71891	3.77883	9.15366	2.19741	8.98182	24.965	2.82833	8.27759	26.1754	1.39944e-06	24.7698	0.566029	0	19.5733	16.4755
ENST00000540351.1|ENSG00000150991.15|OTTHUMG00000044421.6|OTTHUMT00000400186.3|UBC-207|UBC|622|protein_coding|	622	307.447	0	0	0	0	0	0	0	0	0	0	0	0	0	0	0	0	0	0	0	0	0	0	0	0	0	0	22.4377	0	0	0	0	0	15.2668	0	0	0	0	11.8459	0	0	0	0	0	1.45379	0	0	0	0	0	0	0	0	0	0	0	0	0	0	0	0	0	0	18.8357	0	0	0	24.5175	0	0	0	0	0	0	0	0	0	0	0	0.762813	0
ENST00000541645.1|ENSG00000150991.15|OTTHUMG00000044421.6|OTTHUMT00000400187.3|UBC-210|UBC|548|protein_coding|	548	243.249	0	0	0	0	0	0	0	10.3668	0	0	0	0	0	0	0	0	0	0	0	0	13.3966	0.00706717	0	0	0	0	0	0.479425	0	0	0.82567	0	26.6545	0	0	0	0	1.84195e-08	0	0	0	3.92992	0	0	0	7.9217	0	9.78311	0	0	0	2.79559	0	7.12903	0	0	0	0	0	10.8469	0	0	2.27212	0	0	5.29793	0.0126082	0	0	0	0	0	0	0	0.92975	0	0	0	2.22682	0
ENST00000535131.1|ENSG00000150991.15|OTTHUMG00000044421.6|OTTHUMT00000400188.3|UBC-202|UBC|563|protein_coding|	563	255.849	0	0	0	0	0	0	0	0	0	0	0	0	0	0	0	0	0	0	0	0	0	0	0	2.04683	0	0	1.15593	0	0	0	0	0	6.23331	0	0	0	0	0.955325	0	0	0	0	0	2.60788	0	0	0	8.84954	0	0	0	0	0	0	0	0	0	0	0	0	0	0	3.45476	0	0	0	23.4433	0	0	0	4.31907	0	0	0	0	0	0	0	12.102	0
ENST00000530705.6|ENSG00000133112.17|OTTHUMG00000016845.7|OTTHUMT00000044758.4|TPT1-212|TPT1|4548|protein_coding|	4548	4220.77	67.8391	99.4332	0	40.8449	46.3665	70.6004	47.1463	80.3744	47.994	70.1246	78.3854	113.989	70.1146	0	70.4532	47.4309	40.7935	36.0732	55.6923	31.8366	146.671	23.0168	63.8813	41.8334	101.127	4.56424	29.4037	21.2421	25.0489	11.7253	25.0795	47.7478	57.3534	38.2635	60.4481	70.3107	169.965	89.6061	141.426	41.6814	27.5011	11.3859	27.496	34.5525	22.9723	60.8918	22.2396	25.6515	23.2468	38.6701	38.7394	0	19.0109	32.6292	51.3387	77.0976	0	35.3006	94.2404	0	59.27	134.631	36.0036	62.0528	63.4783	28.5783	48.9068	45.7062	44.4896	55.6152	20.5771	69.4791	37.0883	49.3435	36.8235	63.9232	36.4802	30.0247	68.8709	78.4329
ENST00000616577.4|ENSG00000133112.17|OTTHUMG00000016845.7|-|TPT1-214|TPT1|4814|protein_coding|	4814	4486.77	0	0	75.6953	255.949	0	0	0	0	0	21.8867	0	0	0	45.014	0	13.9959	0	9.29792	0	24.6863	0	13.0931	40.1926	0	0	80.4491	0	0	0	16.5116	0	0	0	0	0	0	0	0	0	0	0	0	0	28.9024	0	0	0	0	0	0	5.97197	8.91177	0	0	0	0	15.081	0	6.23639	19.2683	0	0	38.6341	0	0	0	0	0	0	0	38.4367	0	0	10.3488	0	0	0	0	0	0
ENST00000379056.5|ENSG00000133112.17|OTTHUMG00000016845.7|OTTHUMT00000044759.2|TPT1-203|TPT1|1101|protein_coding|	1101	773.766	305.072	304.82	550.74	1602.01	226.863	1404.93	223.547	559.189	200.353	381.272	788.037	1079.37	479.127	200.734	563.381	604.242	425.551	252.532	310.964	869.422	827.032	235.501	1029.25	283.871	611.459	139.649	505.14	103.195	422.304	182.532	127.123	460.144	214.486	167.584	405.988	483.511	815.299	699.41	570.469	232.248	38.5757	44.4426	126.024	285.754	220.822	562.185	249.993	223.407	130.461	359.991	231.381	12.8144	146.589	259.206	218.11	707.832	83.1136	304.492	792.064	81.8061	346.825	726.909	534.58	353.011	376.264	363.531	529.521	137.579	324.079	520.081	350.203	617.648	488.714	342.966	378.3	465.532	509.646	123.488	255.628	622.911
ENST00000530245.5|ENSG00000133112.17|OTTHUMG00000016845.7|OTTHUMT00000388143.1|TPT1-211|TPT1|530|protein_coding|	530	228.317	0	0	0	92.0361	0	0	0	0	0	0	0	0	0	0	0	0	0	0	0	0	0	0	0	0	0	45.8802	0	0	0	0	0	0	0	0	0	0	1.51349	0	0	0	0	1.79656	0	0	0	0	0	0	0	0	0	0	0	0	0	0	3.65492	0	0	0	0	0	1.39521	0	0	0	0	0	0	0	7.27954	0	54.288	0	0	0	0	0	0	0
ENST00000379060.8|ENSG00000133112.17|OTTHUMG00000016845.7|OTTHUMT00000388144.2|TPT1-204|TPT1|764|protein_coding|	764	441.41	1383.06	1397.43	1133.85	3054.64	598.636	2548.23	789.637	1156.18	1022.41	1417.97	1591.64	1959.09	1367.69	1042.68	1073.82	997.991	1265.28	1373.51	2099.88	1540.13	1289.21	607.79	1559.74	490.146	1492.03	545.639	236.426	396.12	336.853	389.887	290.276	616.022	986.768	739.472	951.075	715.25	1174.4	1410.2	1772.8	368.863	313.728	221.273	413.087	512.272	345.926	754.129	175.292	252.463	456.082	204.544	767.509	222.895	392.125	293.63	867.619	634.841	255.439	337.821	1183.84	175.031	1178.04	1488.66	777.2	743.104	613.146	632.023	849.565	455.263	804.788	802.8	857.715	684.825	447.648	593.892	554.242	963.171	443.209	573.421	932.155	1060.74
ENST00000309246.9|ENSG00000133112.17|OTTHUMG00000016845.7|OTTHUMT00000044761.1|TPT1-201|TPT1|1008|protein_coding|	1008	680.766	262.262	291.631	214.927	483.273	183.087	387.522	194.202	276.913	272.092	280.494	328.516	322.814	284.866	213.557	272.131	304.714	152.549	222.15	333.052	250.17	330.988	163.036	396.698	268.392	390.798	120.018	65.5997	54.0883	91.8401	77.2722	59.8103	100.404	168.789	124.164	157.34	144.665	223.751	300.581	260.757	79.1424	49.6531	49.5793	67.3896	101.736	99.3043	191.143	33.3351	52.5866	55.8488	70.4148	112.01	85.6145	65.9561	83.9446	178.525	126.841	61.5299	83.3022	303.12	70.5559	252.877	322.679	202.957	131.49	118.908	127.169	185.879	83.1427	153.657	205.831	182.934	145.24	222.966	172.573	141.501	233.4	134.459	101.665	167.092	263.725
ENST00000527226.2|ENSG00000133112.17|OTTHUMG00000016845.7|OTTHUMT00000388145.3|TPT1-208|TPT1|613|protein_coding|	613	299.479	287.295	349.119	203.924	180.184	102.159	93.5835	197.439	136.618	361.31	202.382	223.582	20.884	167.864	240.206	203.754	189.498	202.184	183.11	181.41	70.2495	151.189	138.037	137.848	473.937	309.247	74.443	31.2818	38.801	29.9188	64.8655	28.6573	36.801	97.9385	97.1679	111.473	43.3376	55.0563	172.133	122.852	31.5313	31.9819	47.7916	45.3845	17.6192	63.8507	47.6739	0	14.1894	56.7923	39.7749	86.0337	33.385	28.9116	24.9869	128.429	19.9613	35.2062	10.8051	96.3951	31.1581	245.272	153.438	67.2528	22.805	26.2492	45.4864	61.3505	34.6705	70.3226	78.0574	78.0207	83.7072	54.5245	71.224	4.82372	101.809	49.1589	75.3441	37.8112	108.723
ENST00000544417.5|ENSG00000166710.20|OTTHUMG00000131247.4|-|B2M-202|B2M|933|protein_coding|	933	607.388	637.993	1009.75	624.424	903.482	285.734	304.975	424.321	779.677	155.342	945.308	377.124	874.452	372.895	188.381	202.122	82.1312	36.4502	162.389	276.719	486.892	595.681	91.9184	931.522	227.849	239.798	805.447	1720.9	339.614	608.786	1268.04	305.622	1117.01	1158.4	916.559	1236.07	1588.69	1614.7	1091.5	2432.95	920.531	916.063	538.997	916.492	1423.52	141.803	889.745	720.779	312.07	612.356	340	1115.01	218.611	933.255	296.911	1099.11	1314.88	125.082	786.617	3357.59	77.307	1103.19	1301.04	1170.61	2573.06	615.532	882.805	1149.23	1830.56	1454.99	1485.16	74.9189	418.082	1208.17	1068.65	856.587	1489.49	1210.1	680.72	2129.95	687.058
ENST00000559916.1|ENSG00000166710.20|OTTHUMG00000131247.4|OTTHUMT00000415957.1|B2M-207|B2M|1081|protein_coding|	1081	753.766	59.6767	0	0	0	0	0	188.35	0	24.1635	0	0	0	0	0	0	0	0	1.4039	0	54.4866	1.32776	0	0	0	103.131	85.6443	157.301	201.831	87.9138	62.7605	0	88.691	120.311	0	57.3541	0	72.288	0	0	0	161.016	0	0	225.499	0	0	0	0	0	212.369	0	97.7194	0	0	0	78.9224	0	74.1383	0	82.3099	0	0	114.866	0	0	211.314	0	0	176.319	108.185	0	78.9174	87.2849	15.8018	0	0	110.239	0	168.113	78.5379
ENST00000648006.2|ENSG00000166710.20|OTTHUMG00000131247.4|OTTHUMT00000498664.1|B2M-214|B2M|1675|protein_coding|	1675	1347.77	68.3465	195.642	169.988	336.943	26.6325	179.647	237.517	297.82	21.7202	296.42	161.856	325.317	118.101	36.8271	23.7043	46.6985	23.7537	64.2588	124.079	280.448	165.34	68.6977	285.102	37.828	80.9361	349.319	369.858	77.9962	135.88	466.114	55.2807	222.178	347.15	218.881	232.9	337.822	373.799	268.673	503.896	126.538	226.906	146.919	240.556	524.62	32.5791	104.686	55.1999	78.2632	129.677	76.8273	206.981	26.5222	270.01	107.917	242.583	375.121	34.6566	366.275	1058.93	24.8738	320.608	300.936	205.334	599.277	125.192	280.334	230.756	395.903	296.34	230.114	18.3506	116.584	278.37	149.966	185.424	388.438	877.106	150.707	505.828	150.387
ENST00000307961.11|ENSG00000174444.15|OTTHUMG00000133193.5|OTTHUMT00000256903.4|RPL4-201|RPL4|2741|protein_coding|	2741	2413.77	55.7217	219.135	9.94163	0	7.9223	0	0	105.782	3.92612	232.602	0	7.85733	0	76.1172	40.2424	14.4964	32.1054	0	37.5689	0	10.6717	10.7074	0	70.5502	5.51104	34.8635	51.045	11.7865	0	4.12326	15.5551	0	28.2625	0	60.2302	11.7864	39.565	4.13278	24.4949	12.6686	34.0213	4.02817	4.14904	154.613	0	15.9955	28.1564	0	28.5664	0	10.6099	3.68771	0	11.038	0	0	4.01588	3.95635	45.1783	6.75127	0	21.9883	47.1462	7.83686	6.11912	5.27191	6.80818	11.387	30.9934	454.9	8.65751	9.77281	10.7265	176.529	46.4801	20.4679	3.85191	13.3512	15.5978	14.6361
ENST00000568588.5|ENSG00000174444.15|OTTHUMG00000133193.5|OTTHUMT00000420737.1|RPL4-215|RPL4|1864|protein_coding|	1864	1536.77	1244.89	1243.83	71.8334	1294.81	475.798	319.088	1363.4	1688.88	776.957	1228.07	292.065	603.71	496.658	1105.68	1017.22	345.16	729.206	1035.11	1656.39	74.0209	1409.49	484.497	1111.28	1113.08	374.581	655.474	808.833	358.542	712.966	377.356	149.374	181.086	590.254	172.405	712.975	924.991	772.816	552.227	821.827	430.172	388.384	361.551	362.436	660.857	106.499	1126.49	426.865	351.901	328.493	106.825	740.725	754.368	751.98	762.8	529.014	568.892	230.05	1200.9	1455.85	165.411	795.982	1304.23	1537.27	633.895	562.338	522.069	594.765	575.484	754.987	691.937	228.417	1069.35	1069.7	936.59	1166.86	927.567	854.856	511.97	275.763	485.156
ENST00000569696.5|ENSG00000174444.15|OTTHUMG00000133193.5|OTTHUMT00000420739.2|RPL4-217|RPL4|569|protein_coding|	569	260.978	57.574	0	0	0	0	0	5.27257	0	0	0	0	0	0	0.0747701	0	0	22.5125	0	0	0	0	0.599882	0	0	19.7112	0	0	0	6.13964	0	3.79681	0	0	0	0	22.8142	0	0	0.136354	4.46603	0	6.983	0	0	0	0.00316396	5.84668	0	6.53087	0	0	60.3746	3.04726	0	35.1345	14.2915	18.5165	0.890976	0	0	0	14.2325	0	0.543937	0	0	0	3.68148	0	0	1.44487	5.45019	0	0	0.955734	0	0	0	0	1.09645e-07
ENST00000569438.2|ENSG00000174444.15|OTTHUMG00000133193.5|OTTHUMT00000420746.2|RPL4-216|RPL4|565|protein_coding|	565	257.533	24.7947	177.825	1.87825e-08	4.22691	0	0	8.05931	13.2176	0	0	0	0	0.0013177	6.71985e-05	0	0	0	0	1.39891	9.52027	8.66574	16.6322	19.6466	0.506967	17.7488	10.9497	0	6.66562	3.70341e-05	13.224	0	4.90194	13.1382	10.0783	0	0	0	17.6217	0	8.98391	0	0.116712	0	5.19591	22.7687	3.04713e-08	0	0	0	5.8311	0	54.5989	0	0	0	24.6523	34.494	0	0	49.9619	13.4902	42.6099	0	0	0	0	5.36475	0	0	0	0	5.42956e-05	0	0	23.6392	3.53577e-06	0.845142	0	0	14.0873
ENST00000357790.5|ENSG00000137818.12|OTTHUMG00000172087.3|OTTHUMT00000345441.2|RPLP1-202|RPLP1|445|protein_coding|	445	163.751	247.437	263	136.682	186.585	228.742	336.357	279.302	490.398	297.673	385.15	328.105	282.283	356.984	292.115	162.81	121.881	124.067	343.329	533.946	158.123	301.55	216.941	498.1	418.922	266.052	296.948	105.99	48.8295	257.67	131.177	25.3424	27.1679	80.9609	35.9486	284.348	297.338	223.736	295.48	227.406	68.1192	41.5895	31.2651	80.4933	102.687	49.3965	114.829	127.572	46.7051	83.1204	119.236	145.739	129.599	50.6899	85.3576	107.658	49.0802	29.6721	23.6455	342.582	68.6505	154.578	90.8454	121.216	187.166	74.5049	233.027	118.26	41.9092	137.293	330.619	85.3132	179.968	107.509	217.653	78.3983	375.068	64.5842	106.367	132.537	191.371
ENST00000260379.11|ENSG00000137818.12|OTTHUMG00000172087.3|OTTHUMT00000257195.4|RPLP1-201|RPLP1|1174|protein_coding|	1174	846.766	612.563	798	267.332	256.415	321.796	600.342	484.041	700.127	423.327	520.201	420.915	400.919	629.053	573.885	222.142	183.119	277.926	559.802	601.06	262.12	463.186	376.174	667.961	654.146	652.359	404.399	177.279	96.4844	407.33	195.241	36.6576	43.8321	85.0391	76.8705	529.652	454.662	329.776	520.52	313.336	64.8607	80.4105	48.7349	120.507	143.271	127.604	197.641	185.406	65.8467	155.347	165.116	221.261	392.401	85.3101	168.245	159.75	66.9197	170.328	20.8213	598.798	189.349	243.15	127.873	191.247	211.834	77.7646	387.745	252.96	33.0671	146.707	426.557	124.289	200.503	177.737	374.971	109.721	450.966	152.416	119.986	192.998	232.911
ENST00000311528.9|ENSG00000167526.13|OTTHUMG00000133770.8|OTTHUMT00000258293.3|RPL13-201|RPL13|4498|protein_coding|	4498	4170.77	13.0787	0	0	0	0	0	0	2.19959	0	0	0	0	0	0	1.21594	0	0	0	20.4411	0	4.46716	0	0	0	0	0	0	0	0	0	0	0	0	0	0	2.19661	2.20298	0	2.2123	0	0	0	0	0	0	0	0	0	0	0	0	0	0	1.64152	0	0	0	0	0	0	0	0	0	0	0	0	0	0	0	15.5493	0	0	0	0	0	0	0	0	0	0
ENST00000563270.5|ENSG00000167526.13|OTTHUMG00000133770.8|OTTHUMT00000429836.2|RPL13-211|RPL13|554|protein_coding|	554	248.279	10.4438	45.5246	103.512	252.943	0	0	11.6335	58.2318	0.0450432	0	0	1.49136e-05	0	264.796	128.547	0	0	0	0	0	9.51413	0.495498	1.62026e-05	0	42.2126	110.748	1.95892e-06	0.0432931	19.8697	18.3929	73.0229	65.5419	61.858	23.1822	66.6667	32.087	35.5765	48.0119	177.874	48.541	12.0685	32.2182	0.0307039	5.28291	88.2809	0.299569	7.1483e-06	15.498	77.7715	0	98.5958	32.1339	82.6185	47.353	1.69796e-05	47.5262	11.3802	49.4237	93.8332	13.914	74.9732	32.0651	1.44814e-06	99.3515	0	0	73.6896	6.9392e-05	16.2903	26.4456	66.2503	20.3829	13.0568	121.201	28.9453	12.6586	0	18.9517	0	102.019
ENST00000567815.5|ENSG00000167526.13|OTTHUMG00000133770.8|OTTHUMT00000426169.1|RPL13-214|RPL13|712|protein_coding|	712	391.211	1399.27	1119.72	618.108	1505.96	1271.55	2068.62	663.188	1409.8	1366.14	1922.34	2024.88	1015.99	1170.32	1499.6	2187.4	1601.46	1090.49	1653.1	3218.13	679.47	694.984	899.011	1296.03	1895.67	799.3	681.604	357.819	353.67	533.191	363.983	184.868	239.352	781.913	322.002	772.679	550.564	921.68	704.764	687.934	289.233	200.053	335.053	398.455	437.614	175.945	358.182	266.073	378.347	425.027	292.387	472.65	311.509	539.384	240.624	402.488	629.185	84.3887	303.622	1106.02	155.062	1143.97	773.821	861.586	528.489	325.014	460.396	417.265	196.596	437.143	816.605	520.364	536.451	417.871	557.418	681.362	623.116	395.907	148.673	301.86	558.812
ENST00000452368.7|ENSG00000167526.13|OTTHUMG00000133770.8|OTTHUMT00000426174.1|RPL13-204|RPL13|1455|protein_coding|	1455	1127.77	3.15175	2.22751	0	2.70362	5.93605	2.23183	6.54634	5.97199	0	0	0	0	0	11.834	0	5.31198	0	26.6298	21.134	0	0	0.723064	1.53107	1.35263	8.12913	0	8.36323	0	7.66142	0	0	0	0	0	0	0.0874247	8.95608	1.3755	0	0	3.93676	0.155473	0	0	0	0	0	4.56419	7.57884	0	0	0	6.65804	1.16161	0	3.89013	0	16.3806	4.60753	0	4.49888	1.89991	0	7.60439	0	0	9.86669	0	0	0	2.38315	0	1.75044	3.85857	2.59753	0	2.1029	65.8501	0	8.32862
ENST00000393099.3|ENSG00000167526.13|OTTHUMG00000133770.8|OTTHUMT00000258294.2|RPL13-202|RPL13|2385|protein_coding|	2385	2057.77	0	0	0	1.29188	0	6.53301	3.18466	1.90754	0	0	0	0	0	6.59986	0	0	0	36.1952	46.7757	390.922	70.0743	2.87344	30.4371	0	0	0	0	0	2.95956	0	1.7553	1.28247	0	0	4.88348	1.95789	45.1252	1.31447	6.43239	0	2.78345	2.93097	3.12611	0	0	8.01344	0	2.96006	12.0485	0	9.97771	1.68736	14.9335	0	6.56683	0	0	12.1779	12.2984	0	2.77979	0	0	2.66089	0	0	2.70922	0	0	0	2.82597	0	0	17.4753	8.74628	7.82986	2.81827	32.8937	0	2.84968
ENST00000422514.7|ENSG00000198242.14|OTTHUMG00000132684.6|OTTHUMT00000255975.2|RPL23A-204|RPL23A|970|protein_coding|	970	643.921	79.7961	331.261	124.598	273.589	218.058	399.546	258.256	500.565	439.335	170.176	856.808	200.566	255.606	506.012	285.775	154.05	155.006	235.45	209.628	68.8567	199.579	165.409	201.423	57.798	202.704	572.373	231.286	115.762	241.149	196.294	70.0903	20.8778	402.341	188.389	269.976	399.554	176.089	404.293	442.552	303.516	90.0988	57.5799	94.311	171.869	131.976	90.615	37.8704	82.1778	82.0669	58.0991	116.272	89.1341	79.4728	131.19	124.051	107.948	75.5204	106.493	174.086	70.8406	78.2078	159.301	164.283	233.601	318.113	203.328	207.425	93.8962	181.271	549.732	79.2222	227.394	145.096	247.49	247.032	131.662	131.976	143.638	46.9077	133.457
ENST00000394935.7|ENSG00000198242.14|OTTHUMG00000132684.6|OTTHUMT00000255978.2|RPL23A-202|RPL23A|580|protein_coding|	580	270.323	152.204	523.604	329.739	421.828	324.598	791.484	531.71	485.266	864.142	480.299	201.408	333.495	371.13	592.919	443.225	267.95	390.678	502.543	298.372	112.143	401.832	326.345	317.294	117.202	412.296	368.672	551.161	280.586	402.827	401.041	159.067	81.1222	524.757	460.333	545.603	1081.01	561.394	485.392	964.25	523.164	176.76	75.4201	154.097	326.192	211.969	83.537	68.9393	177.215	150.933	163.003	333.68	215.522	172.787	318.81	192.573	267.448	168.978	152.511	485.219	128.983	224.779	358.666	326.158	481.157	170.322	376.397	496.301	251.877	304.433	815.376	195.272	247.54	297.409	307.577	513.754	240.338	241.626	312.339	98.4201	175.541
ENST00000355731.8|ENSG00000198242.14|OTTHUMG00000132684.6|OTTHUMT00000255977.1|RPL23A-201|RPL23A|587|protein_coding|	587	276.361	4.47501e-06	0	0	4.1926e-08	8.25238e-08	1.49224e-08	0	221.98	0	0	551.475	45.6405	0	0.00992228	2.96306e-07	1.42779e-07	6.91401e-08	0	2.50321e-07	0	0.000322019	1.26905e-08	0	1.34419e-07	1.75295e-08	239.663	0	0	0.0239715	1.52426e-06	5.3188e-07	1.55317e-07	113.02	8.16855	0.000251546	2.89084e-05	0	60.0835	4.84874e-05	0.000348658	0	1.13548e-07	0	0	0	101.578	1.17385e-07	0.341714	7.21621e-07	0	0.0460752	0	2.22364e-08	1.00327e-06	1.52487e-07	0.0368617	1.81857e-05	0	0	0	0	0.000751104	54.4449	5.10045e-05	142.647	0.742145	1.94931e-07	1.25386e-08	0	102.069	1.34584e-07	174.443	0	0.932785	68.3162	4.34729e-08	0.0329495	3.93543e-08	0	0.000199699
ENST00000225430.9|ENSG00000108298.11|OTTHUMG00000178979.8|OTTHUMT00000444190.2|RPL19-201|RPL19|737|protein_coding|	737	415.206	760	1542	1367.92	1304	1059.96	2137	1455.31	3649.93	2549.54	1249.15	3466.97	629.993	2007.92	2693.4	2898.61	644	1065.64	1875.03	4091.96	998	3316.28	1731.44	1627.99	3947.52	2100.75	1566.99	924.97	746.905	483	848.383	309	675	900.024	731.925	1315	1575.55	1302.91	1798	1379.98	379	379	96	896.985	864	294.905	1782.35	178.134	456	66.322	179.199	589.992	787	660.825	474	453.927	303.854	387	454.489	1110.99	608	1055	933	1251.99	1168	386.87	1307.9	280.071	565.644	947.899	1284.27	492	682.761	485	1411	485.989	1304.99	469.974	510	683.54	690.989
ENST00000579374.5|ENSG00000108298.11|OTTHUMG00000178979.8|OTTHUMT00000444201.2|RPL19-204|RPL19|690|protein_coding|	690	370.404	0	0	0	0	0	0	0	0	256.008	86.8812	0	0	0	27.8325	0	0	0	0	0	0	2.66629e-08	0	0	0	0	8.31863e-05	0.0303007	0	0	25.6167	0	0	0	2.35745e-06	0	0	0	0	0	0	0	0	0	0	0.0848852	0	114.866	0	39.678	63.1205	3.56692e-08	2.57649e-05	0	0	0	208.146	1.27559e-07	0	5.17479e-07	0.000373408	0	0	2.99602e-05	0	41.0981	0.0257251	79.9288	37.3475	0	0	0	19.2385	0	0	0	0	0	0	0.444465	0
ENST00000579260.5|ENSG00000108298.11|OTTHUMG00000178979.8|OTTHUMT00000444191.1|RPL19-203|RPL19|1051|protein_coding|	1051	723.766	0	0	0	0	0	0	54.1059	1.97333	0	1.93789	1.92665	0	0	2.03606	0	0	0	85.9398	2.02768	0	0	0	0	0	6.20685	0	0	0	0	0	0	0	1.9763	2.07525	0	5.74761	0	0	0	0	0	0	0	0	0	1.95437	0	0	0	0	0	0	0	0	0	0	0	0	0	0	0	0	0	0	0	0	0	0	0	0	0	0	0	0	0	0	0	0	0	0
ENST00000618619.4|ENSG00000265681.7|OTTHUMG00000179680.6|OTTHUMT00000476295.1|RPL17-224|RPL17|747|protein_coding|	747	424.847	0	0	0	0	8.6242	0	0	0	0	0	0	13.9064	0	0	0	0	0	0	0	0	0	0	0	0	0	0	0	0	0	0	0	0	0	0	0	0	0	0	108.786	0	34.8306	0	0	0	0	0	0	0	0	0	0	0	0	0	0	0	0	0	0	0	0	0	0	0	0	28.7882	0	0	0	0	0	0	0	0	0	0	0	0	0	0
ENST00000618613.5|ENSG00000265681.7|OTTHUMG00000179680.6|OTTHUMT00000488521.1|RPL17-223|RPL17|856|protein_coding|	856	531.414	0	0	0	0	0	0	0	0	0	0	0	11.4096	0	0	0	0	0	0	0	0	0	0	0	0	0	0	0	0	0	0	3.98275	0	0	0	0	0	0	0	47.299	0	0	0	0	0	0	0	0	0	0	0	0	0	0	0	0	0	0	0	0	0	0	0	0	0	0	0	0	0	0	0	0	0	0	0	0	0	0	0	0	0
ENST00000579408.5|ENSG00000265681.7|OTTHUMG00000179680.6|OTTHUMT00000447662.1|RPL17-205|RPL17|859|protein_coding|	859	534.369	37.203	2.33034	0	0	4.13959	36.0217	36.2689	0	0	0	0	0	0	0	2.31902	0	79.2066	0	0	0	129.459	0	0	0	0	47.6045	27.988	0	0	0	0	0	0	0	0	0	0	0	0	35.5398	0	33.0303	0	10.928	0	0	0	63.3309	80.4237	0	0	0	0	0	70.1263	118.308	0	0	0	3.64783e-06	95.9362	50.7969	2.21899	50.1186	0	0	0	0	0	0	61.7381	0	0	0	0.00798815	0	0	0	0	2.28178
ENST00000579248.5|ENSG00000265681.7|OTTHUMG00000179680.6|OTTHUMT00000448308.1|RPL17-204|RPL17|790|protein_coding|	790	466.59	3.13111	0	0	0	0	0	0	0	0	0	0	71.9554	0	0	0	0	0	0	0	0	0	0	0	75.509	0	0	2.87101	0	0	0	0	0	0	0	0	0	0	0	0	0	0	0	0	0	0	2.83879	0	0	0	0	0	0	0	0	0	0	0	0	0	0	17.8971	0	0	132.468	0	0	0	0	0	0	0	0	0	10.814	0	0	0	0	0	0
ENST00000581373.5|ENSG00000265681.7|OTTHUMG00000179680.6|OTTHUMT00000447663.1|RPL17-212|RPL17|584|protein_coding|	584	273.745	0	0	0	54.7101	49.5397	43.3521	2.63269e-06	118.782	233.921	0	0	0	0.000346824	0.00025794	64.3844	8.04285	5.6779e-05	0	0.0094774	0	3.89403e-07	0.000273193	0	120.828	1.95757e-08	0	0.000142134	0.00289288	17.6723	23.394	42.1688	20.5789	30.0796	0	0	27.3817	0	25.9653	0	11.5803	8.82698	9.34746	54.5932	81.1407	18.4691	0.0217592	0.0362206	1.42822e-06	2.93976e-05	59.4028	0	0	3.16824	0	10.5209	0	0	3.80143	0.00415689	1.81883e-05	0	0	0.00510964	0.000386527	18.829	0.0068584	0	46.2817	9.60426e-07	0.0179929	18.2974	0	0	3.53481	23.1809	120.446	0	1.36038e-06	0.00206514	24.8096
ENST00000580261.5|ENSG00000265681.7|OTTHUMG00000179680.6|OTTHUMT00000447589.2|RPL17-208|RPL17|669|protein_coding|	669	350.707	824.597	962.76	290.559	1126.18	98.8115	337.429	684.844	1018.93	837.297	1403.47	1265.37	458.487	408.29	1109.37	422.833	404.657	286.232	774.577	1943.45	365.036	1049.27	420.624	439.392	1340.59	302.962	620.844	873.994	138.596	257.301	95.606	145.035	37.4211	711.824	1035.66	516.259	946.619	951.483	455.4	900.035	70.268	67.3424	220.239	349.725	195.411	134.384	825.52	208.181	75.936	244.522	304.492	75.1422	51.4029	434.172	438.207	363.559	383.287	174.32	644.812	549.019	108.23	426.062	509.717	574.657	687.68	272.013	683.809	159.586	194.083	413.046	829.222	90.4187	348.635	137.186	657.718	370.65	949.135	654.828	465	700.167	281.973
ENST00000580210.5|ENSG00000265681.7|OTTHUMG00000179680.6|OTTHUMT00000448309.1|RPL17-207|RPL17|705|protein_coding|	705	384.562	0	0	0	0	62.7233	0	0	0	0	0	0	59.0351	0	0	0	0	0	0	0	2.09828	0	0	0	0	0	0	0	0	0	0	0	0	0	0	0	0	0	0	0	0	0	0	0	0	0	0	0	0	0	0	0	0	0	0	0	0	0	0	0	0	0	0	0	0	0	94.9819	0	0	0	0	0	0	0	0	0	1.97151	0	0	0	0
ENST00000578532.5|ENSG00000265681.7|OTTHUMG00000179680.6|OTTHUMT00000448311.1|RPL17-202|RPL17|684|protein_coding|	684	364.732	0	0	0	0	0	0	0	0	0	2.38379	0	0	0	0	0	0	0	0	2.75928	0	0	0	0	152.623	0	0	0	0	0	0	0	0	0	4.92484	0	0	0	0	0	0	0	0	0	0	0	0	0	0	0	0	0	0	0	0	0	0	0	0	0	0	28.542	0	0	0	0	0	0	0	0	0	0	0	0	20.6328	2.20908	0	0	0	0	0
ENST00000617346.4|ENSG00000265681.7|OTTHUMG00000179680.6|OTTHUMT00000476296.1|RPL17-222|RPL17|795|protein_coding|	795	471.465	196.845	0	0	0	19.7212	118.812	130.855	0	132.97	0	0	0	0	0	0	0	62.7022	0	0	0	187.039	0	0	0	0	121.556	75.9777	0	0	0	43.0679	0	0	0	0	0	0	0	11.0421	71.5942	0	58.3	0	72.0319	0	0	0	49.7332	0	0	0	0	0	0	0	24.1907	0	0	0	34.9287	135.806	131.566	0	0	0	39.9926	0	0	0	0	110.546	0	0	0	131.975	0	0	0	0	0
ENST00000583036.5|ENSG00000265681.7|OTTHUMG00000179680.6|OTTHUMT00000447665.1|RPL17-217|RPL17|576|protein_coding|	576	266.926	0	0	0	0	0	0	0	0	0	0	0	101.118	0	0	0	0	0	0	0	0	0	0	0	0	0	0	0	0	0	0	2.91139	0	0	0	0	0	0	0	103.527	0	0	0	0	0	0	0	0	0	0	0	0	0	0	0	0	0	0	0	0	0	0	0	0	0	0	0	0	0	0	0	0	0	0	0	0	0	0	0	0	0
ENST00000621674.4|ENSG00000142541.17|OTTHUMG00000134289.5|-|RPL13A-213|RPL13A|1098|protein_coding|	1098	770.766	0	0	0	0	0	0	0	0	0	0	0	0	0	11.4473	0	0	0	0	0	0	0	0	0	114.015	0	0	0	0	0	0	0	0	0	0	0	0	0	0	0	0	0	0	7.81471	0	0	0	0	0	0	0	0	0	0	0	0	0	0	0	0	0	0	0	0	0	0	0	0	0	0	0	0	0	0	0.866558	0	0	0	0	0	0
ENST00000391857.9|ENSG00000142541.17|OTTHUMG00000134289.5|OTTHUMT00000258989.2|RPL13A-201|RPL13A|1127|protein_coding|	1127	799.766	3297.99	2260.2	1520.67	1601.91	2378.54	1470.02	1167.25	3715.27	3743.11	2810.55	2878.88	1542.48	2155.88	2373.32	2304.25	592.453	358.102	1154.09	7990.47	1959.02	2033.04	1437.24	1168.51	2691.69	2167.13	8.29299	855.226	679.757	1267.72	393.012	151.303	1244.41	1800.06	583.356	731.271	1273.38	570.338	1476.61	1048.42	237.927	1100.81	307.114	660.372	832.694	236.55	771.84	21.5065	546.566	612.796	613.317	407.388	262.24	1035.03	330.114	392.522	385.91	451.252	687.775	1284.19	353.633	1989.02	919.689	733.86	711.033	398.98	410.878	1211.8	920.95	1661.82	915.094	744.487	1545.15	802.492	621.882	1148.79	246.143	224.524	469.436	747.122	623.038
ENST00000467825.2|ENSG00000142541.17|OTTHUMG00000134289.5|OTTHUMT00000258997.3|RPL13A-202|RPL13A|660|protein_coding|	660	342.31	961.357	976.699	347.335	774.548	678.427	976.746	560.409	567.553	1051.07	1294.53	1047.51	460.364	635.022	733.565	373.042	749.325	720.259	996.098	2958.32	110.407	1134.33	814.87	877.806	1874.02	980.078	607.099	838.947	89.7815	461.466	487.75	144.775	66.8444	659.792	452.653	614.335	674.697	1076.45	885.797	427.649	36.9016	14.5164	204.724	222.676	331.952	357.713	263.741	232.84	89.3857	144.083	269.166	199.205	368.764	303.859	209.539	366.374	309.071	46.1037	396.94	638.379	220.433	954.719	684.589	322.273	597.865	370.726	295.492	466.045	197.948	374.326	819.489	411.407	498.542	729.94	635.927	366.158	613.379	404.124	466.204	245.376	495.962
ENST00000601521.5|ENSG00000083845.9|OTTHUMG00000183530.5|OTTHUMT00000467010.1|RPS5-209|RPS5|1203|protein_coding|	1203	875.766	0	0	0	0	0	0	0	0	37.1793	28.3235	1.88614	0	0	0	0	41.1034	0	0	0	0	0	0	0	0	0	19.1273	0	0	0	0	0	0	0	0	0	0	0	0	0	0	0	0	0	0	0	0	0	0	0	0	0	0	0	0	0	0	4.27629	0	0	0	0	0	0	0	0	0	0	0	0	0	0	0	0	0	0	0	0	0	0	0
ENST00000196551.8|ENSG00000083845.9|OTTHUMG00000183530.5|OTTHUMT00000504341.2|RPS5-201|RPS5|741|protein_coding|	741	419.045	356	155	1097.5	622.984	457.939	176	368.935	1356.61	1674.4	1659.27	724.805	508.882	1949	785	2263.54	1572.44	764	644.777	688.984	562	379.94	571.835	930	2750	1213.46	904.873	617	567	213	190	220	391	353.576	624	388	486.966	1119	426.847	886.989	625.996	212	412	289	236	412	759	454.979	135.059	245.966	391.968	463.921	368.921	358	301	104	277	193.724	224.218	1079.58	123	962	698	471.192	402	78	589.938	725.844	169	101	628.024	144	805.631	434.917	689.98	218	635.751	227	799.79	412	580
ENST00000596046.1|ENSG00000083845.9|OTTHUMG00000183530.5|OTTHUMT00000467016.1|RPS5-202|RPS5|1520|protein_coding|	1520	1192.77	0	0	0	0	0	0	0	0	0	1.33491	0	0	0	0	0	0	0	0	0	0	0	0	0	0	0	0	0	0	0	0	0	0	0	0	0	0	0	0	0	0	0	0	0	0	0	0	0	0	0	0	0	0	0	0	0	0	0	0	0	0	0	0	0	0	0	0	0	0	0	111.705	0	0	4.06732	0	0	0	0	0	0	0
ENST00000451311.7|ENSG00000205542.11|OTTHUMG00000021144.4|OTTHUMT00000055780.2|TMSB4X-204|TMSB4X|622|protein_coding|	622	307.447	808.976	224.7	2851.91	692.156	620.371	1224.11	1026.34	378.316	675.859	658.424	345.999	680.308	284.092	737.95	989.714	590.505	1059.69	511.88	1018.21	481.515	423.374	277.851	575.187	384.903	343.715	865.109	209	147.586	658.762	757.688	255.863	407.405	1009.73	1434.08	963.142	208.034	1055.17	789.952	903.566	151.909	112.054	248.063	409.385	1098.94	37.4055	325.316	315.177	345.938	491.588	385.947	315.665	479.309	541.36	371.328	213.794	254.711	131.545	212.961	1481.49	578.909	891.85	427.648	1244.58	999.227	841.353	485.827	483.703	501.657	472.279	1062.76	534.022	1040.04	580.349	1881.49	553.664	306.576	651.758	300.944	681.945	547.712
ENST00000380636.1|ENSG00000205542.11|OTTHUMG00000021144.4|OTTHUMT00000055781.1|TMSB4X-203|TMSB4X|1702|protein_coding|	1702	1374.77	0	0	0	43.3085	0	0	50.52	7.39227	17.5813	0	0	21.3149	21.8486	0	0	0	0	0	0	0	320.992	0	31.2674	0	0	0	0	0	41.1587	6.27582	0	0	0	0	0	0	0	0	91.1734	0	0	23.8483	0	0	0	1.26135	0	0	0	35.0363	62.6984	21.5764	35.3346	0	0	0	0	0	0	0	0	0	76.0067	0	36.0353	0	0	0	1.4563	135.057	67.7312	30.3055	0	0	0	0	0	0	0	0
ENST00000380635.5|ENSG00000205542.11|OTTHUMG00000021144.4|OTTHUMT00000055779.1|TMSB4X-202|TMSB4X|767|protein_coding|	767	444.318	0	1.98726	13.2562	0	0	0	0	0	0	0	1.90971	0	0	0	2.01562	0	0	0	2.14967	2.26482	0	0	0	0	2.05892	14.5187	0	2.19131	0	19.4867	2.02854	4.39738	13.6326	4.56767	4.21492	5.82718	17.4498	8.75451	0	2.05032	1.94644	0	7.61528	15.1683	0	0	8.67465	10.8792	4.3367	0	0	0.89676	0	4.35233	0	0	2.41567	0	10.7393	0	0	4.14511	0.81389	8.01759	1.32795	4.3065	2.11569	6.10867	8.174	0	0	1.33571	15.3966	21.6811	2.05307	2.18664	0	4.0563	6.00513	2.13806
ENST00000372390.8|ENSG00000157514.16|OTTHUMG00000022168.3|OTTHUMT00000057844.2|TSC22D3-205|TSC22D3|1812|protein_coding|	1812	1484.77	0	0	0	0	0	0	0	0.145462	0	22.5116	0.00562782	869.468	0	0	231.836	0	0	0	0	0	0.0607558	0	0	0	0	0	0	0	0	0	0	193	0	0	0	323	1.41768e-08	0	152.047	300.658	30.4129	0	0	0.000808899	0	0	0	0	0	0	201.137	43.8442	0	0	0	0	0	0.036619	0	0	0	50.8736	0	0	152	7.06225e-08	0	0.905688	206	0	0	98	0	1.33929	0	2.46639	286	6.8285e-05	0	29.6588
ENST00000372397.6|ENSG00000157514.16|OTTHUMG00000022168.3|OTTHUMT00000057843.2|TSC22D3-206|TSC22D3|2027|protein_coding|	2027	1699.77	2626.48	1980	1201	1618	2914	533	1941	928.855	3800.12	4974.14	1048.99	556.516	1565.96	798	40.323	1506.36	2553	4503	6216	0	2280.76	2742.92	2200	2721.47	2315	330	195	0	0	576	0	0	182	0	0	0	619	0	457.953	219.342	256.587	0	0	443.999	0	0	1201	314	0	0	15.8626	2.44975	0	0	150	0	0	768.963	309	0	0	285.126	0	404.424	0	126	524	91.0943	0	0	0	0	0	257.661	299	584.534	0	425	0	252.906
ENST00000486554.1|ENSG00000157514.16|OTTHUMG00000022168.3|OTTHUMT00000057848.3|TSC22D3-208|TSC22D3|576|protein_coding|	576	266.926	0	0	0	0	0	0	0	0	6.39689	0	0	36.016	1.04274	0	43.8409	0	0	0	0	0	23.1836	3.08479	0	9.525	0	0	0	0	0	0	0	0	0	0	0	0	0	0	0	0	0	0	0	0	0	0	0	0	0	0	0	0	0	0	0	0	0	0	0	0	0	0	0	3.09875	0	0	0	0	0	0	0	0	0	0	0	0	0	0	0	4.15664
ENST00000503515.1|ENSG00000157514.16|OTTHUMG00000022168.3|OTTHUMT00000360070.2|TSC22D3-211|TSC22D3|551|protein_coding|	551	245.755	1.52181	0	0	0	0	0	0	0	7.48162	1.34543	0	0	0	0	0	2.95011	0	0	0	0	0	0	0	0	0	0	0	0	0	0	0	7	0	0	0	12	0	0	0	0	0	0	0	0	0	0	0	0	0	0	0	9.70607	0	0	0	0	0	0	0	0	0	0	0	6.4772	0	0	0	0	11	0	0	0	0	0	0	0	0	0	0	6.27846
ENST00000369817.6|ENSG00000147403.16|OTTHUMG00000033189.13|OTTHUMT00000127774.6|RPL10-202|RPL10|1284|protein_coding|	1284	956.766	470.932	848.932	114.65	509.854	399.43	350.805	190.339	659.687	471.842	681.454	365.089	206.644	580.717	508.154	432.64	189.333	599.61	545.96	557.089	352.893	643.03	264.127	455.495	917.67	446.23	94.3076	266.997	140.626	194.224	77.9261	86.0915	214.877	295.083	194.117	212.346	225.957	169.961	153.423	443.282	104.739	175.4	126.024	80.3348	105.67	98.7763	260.359	141.356	132.34	60.5045	101.018	123.026	165.342	312.613	123.494	260.153	68.1571	94.8148	130.046	348.522	82.4663	253.216	306.932	416.773	139.48	80.1369	164.099	262.316	88.6911	148.451	289.182	175.499	280.181	53.9687	276.38	191.303	266.916	145.701	204.063	152.508	352.359
ENST00000436473.5|ENSG00000147403.16|OTTHUMG00000033189.13|OTTHUMT00000286446.3|RPL10-207|RPL10|657|protein_coding|	657	339.525	530.36	828.748	99.1779	289.013	166.608	218.112	53.2678	259.008	250.374	298.761	135.701	296.346	199.737	288.154	275.537	109.456	64.269	330.997	478.17	368.336	305.844	203.006	342.374	716.581	250.558	115.63	384.255	73.5658	101.815	68.2719	31.5589	104.88	190.179	263.287	127.67	146.376	62.5549	232.611	122.694	35.9501	99.9108	62.3508	75.8749	27.8778	128.243	195.774	76.9912	79.6501	57.815	118.703	119.197	267.822	175.091	86.4729	115.301	61.1509	66.3895	90.8416	411.211	121.882	166.328	278.535	249.29	183.961	14.8911	119.132	199.857	37.4533	221.075	274.299	82.1254	156.854	57.0779	220.331	214.126	145.471	129.775	90.3789	208.727	259.903
ENST00000458500.5|ENSG00000147403.16|OTTHUMG00000033189.13|OTTHUMT00000127775.5|RPL10-210|RPL10|585|protein_coding|	585	274.607	134.874	459.77	82.1672	174.369	154.292	115.624	80.3855	385.434	304.956	259.825	162.048	151.113	248.907	151.676	94.4674	11.422	128.044	348.637	242.226	179.077	239.594	113.826	293.324	579.522	80.6655	118.251	158.215	60.5993	56.7443	6.93748	44.5146	144.261	251.991	165.876	104.009	127.999	89.7318	124.769	223.158	24.8009	125.359	36.1415	74.2235	104.26	7.88479	118.863	58.6787	43.6663	89.3591	52.4852	80.6441	95.1215	55.9759	74.1058	51.3442	33.3299	59.4237	54.1583	202.236	37.4759	159.131	138.324	124	72.7807	47.2302	83.1474	177.594	71.1914	57.4837	119.64	46.6907	188.28	14.7603	123.782	78.8026	90.3852	71.0067	89.5986	98.6071	67.6979
ENST00000406022.6|ENSG00000147403.16|OTTHUMG00000033189.13|OTTHUMT00000127777.3|RPL10-203|RPL10|748|protein_coding|	748	425.821	1580.54	2909.62	748.697	1218.1	1278.71	1069.88	1054.13	2072.28	1546.83	2290.31	1458.28	1215.63	1740.07	1652.59	1135.28	450.271	1510.83	1392.65	1921.99	1202.1	2570.92	772.742	1825.16	3418.15	1401.02	1138.48	1202.17	495.151	629.471	267.817	315.821	531.284	1483.81	943.92	744.976	848.475	587.324	837.174	1276.79	231.816	662.251	451.484	451.836	601.595	432.493	756.429	390.998	450.328	197.318	329.056	619.146	801.241	727.662	510.025	694.508	338.78	395.744	472.695	1500.01	329.166	1292.35	1014.5	1283.83	818.363	169.358	490.007	1108.38	346.113	671.626	1010.34	493.758	1175.21	572.241	1072.51	902.331	873.239	639.913	651.12	631.127	895.591
